path,bytes,sha256,reason
cnn/rebuttal/results/fraction_0p05/seed_17/figures/metrics_training.png,59641,d589df63e7bcd15b610f089aa28ff06aae1ae2fc8e1ef9e255c92f90564c4499,CNN: per-run figures and session diagnostics; aggregate and seed summaries retained
cnn/rebuttal/results/fraction_0p05/seed_17/figures/roc_validation_test.png,46223,3e99d79d5eb57fe6ab208b48afe1c5aa577d40cd7abd09856cc8f61808f3bf40,CNN: per-run figures and session diagnostics; aggregate and seed summaries retained
cnn/rebuttal/results/fraction_0p05/seed_17/figures/test_confusion_matrix.png,22882,509b0fc230f57944455f80840594651663d0c6ac8411d224cea15ef1ad124ba6,CNN: per-run figures and session diagnostics; aggregate and seed summaries retained
cnn/rebuttal/results/fraction_0p05/seed_17/figures/validation_confusion_matrix.png,20653,3fd9af93a209f454d710467d81e0fa94c8bc02d66edb974b2a7800e7fe620e52,CNN: per-run figures and session diagnostics; aggregate and seed summaries retained
cnn/rebuttal/results/fraction_0p05/seed_17/reports/test_confusion_matrix.csv,63,58381f0368a1426535b5bb0c0c8f5797b884c73caddbeef42093470b4b238141,CNN: per-run figures and session diagnostics; aggregate and seed summaries retained
cnn/rebuttal/results/fraction_0p05/seed_17/reports/test_session_metrics.csv,31601,4d1e77f0a93b158189a6033e1f0319cfec6f8d22c2faee6bd20b4a7edb347ef8,CNN: per-run figures and session diagnostics; aggregate and seed summaries retained
cnn/rebuttal/results/fraction_0p05/seed_17/reports/validation_confusion_matrix.csv,63,bacc2a5f436aa622f7ec44e62e899a3d32c76e923de9b4ca07fcddc10f4089f5,CNN: per-run figures and session diagnostics; aggregate and seed summaries retained
cnn/rebuttal/results/fraction_0p05/seed_17/reports/validation_session_metrics.csv,3742,7056817182dd86b7416288aaddd63730ca694122a8b89fc0ccffdb281599f4f5,CNN: per-run figures and session diagnostics; aggregate and seed summaries retained
cnn/rebuttal/results/fraction_0p05/seed_27/figures/metrics_training.png,60772,9687929064902ecf2f46ffe59a5f9db4cdb2276c13de361200a6056505d60d21,CNN: per-run figures and session diagnostics; aggregate and seed summaries retained
cnn/rebuttal/results/fraction_0p05/seed_27/figures/roc_validation_test.png,46556,7dae33ca05fa9759ece6f62b11606cab5ba346fda67cbcb74e1b72412b5a7b97,CNN: per-run figures and session diagnostics; aggregate and seed summaries retained
cnn/rebuttal/results/fraction_0p05/seed_27/figures/test_confusion_matrix.png,23062,89031ad89c546cf7cc71ae4491b4cb574bb3426e6d406e7b2ad76772a4e964f5,CNN: per-run figures and session diagnostics; aggregate and seed summaries retained
cnn/rebuttal/results/fraction_0p05/seed_27/figures/validation_confusion_matrix.png,20630,1f0f6e307b4486ca1840830e9a6a3dc1544acbd184325c900e92c5f774b2a266,CNN: per-run figures and session diagnostics; aggregate and seed summaries retained
cnn/rebuttal/results/fraction_0p05/seed_27/reports/test_confusion_matrix.csv,63,9315832b136e576b5c6341eaf20b5de4d1a3695d6f740627bf78f51610ce407b,CNN: per-run figures and session diagnostics; aggregate and seed summaries retained
cnn/rebuttal/results/fraction_0p05/seed_27/reports/test_session_metrics.csv,31235,6af5231597419eabb02501d2fafb8a898b4effefd1cf808a52354da152b12025,CNN: per-run figures and session diagnostics; aggregate and seed summaries retained
cnn/rebuttal/results/fraction_0p05/seed_27/reports/validation_confusion_matrix.csv,63,02ffe7bc1be0b8e00dd748ff64f6d8c255af3df89aa27f50929d66bb4e6702fa,CNN: per-run figures and session diagnostics; aggregate and seed summaries retained
cnn/rebuttal/results/fraction_0p05/seed_27/reports/validation_session_metrics.csv,3756,691d71d1c483f58f23ccd5ee9ef7a0d8662334772fdd064bddbffb20a4a4f7f4,CNN: per-run figures and session diagnostics; aggregate and seed summaries retained
cnn/rebuttal/results/fraction_0p05/seed_7/figures/metrics_training.png,55311,fcdfbc53867ab77ac448b938d60d2c23b8bc6f29d77c2fa213b68edd4842b5ec,CNN: per-run figures and session diagnostics; aggregate and seed summaries retained
cnn/rebuttal/results/fraction_0p05/seed_7/figures/roc_validation_test.png,45755,30d5bfea063ea1f0d54d3bf9b74f8077e138ef6b84888a4e46e303733b5c5cc2,CNN: per-run figures and session diagnostics; aggregate and seed summaries retained
cnn/rebuttal/results/fraction_0p05/seed_7/figures/test_confusion_matrix.png,22847,1d83eaa466f8aee1106ed52912048abf8b0f1cee5fb9747286554b0a203cd078,CNN: per-run figures and session diagnostics; aggregate and seed summaries retained
cnn/rebuttal/results/fraction_0p05/seed_7/figures/validation_confusion_matrix.png,20401,9899c2f74cae7cc81ae64c2138cfa88ea89ca70636b4fc0f1c6e0958a37f9dbe,CNN: per-run figures and session diagnostics; aggregate and seed summaries retained
cnn/rebuttal/results/fraction_0p05/seed_7/reports/test_confusion_matrix.csv,63,cdbfcdc06475272e154497847bb31a39dd86576ddc380a8762a6090b76ce8e69,CNN: per-run figures and session diagnostics; aggregate and seed summaries retained
cnn/rebuttal/results/fraction_0p05/seed_7/reports/test_session_metrics.csv,30618,8437515641667bb7a69568349337c3d0bf9562204ade4e6eb81f7d33154dbf02,CNN: per-run figures and session diagnostics; aggregate and seed summaries retained
cnn/rebuttal/results/fraction_0p05/seed_7/reports/validation_confusion_matrix.csv,63,a559fad74d5c117ece031fb49a092e1972d5078959d6e9701beb87025c2dce8e,CNN: per-run figures and session diagnostics; aggregate and seed summaries retained
cnn/rebuttal/results/fraction_0p05/seed_7/reports/validation_session_metrics.csv,3663,ada0200697f3541b6f159d78b36b9a39169f5dea6ad94a63847235994af45989,CNN: per-run figures and session diagnostics; aggregate and seed summaries retained
cnn/rebuttal/results/fraction_0p1/seed_17/figures/metrics_training.png,66447,af64a81a1ab780d9b5d47669e6e2409d51c8fb9f0eeedd93ab3c545ec2b76a0d,CNN: per-run figures and session diagnostics; aggregate and seed summaries retained
cnn/rebuttal/results/fraction_0p1/seed_17/figures/roc_validation_test.png,45632,30e31b7d01e68b4cc58d939187cf843930ff4b554357cba73e997c34645701e3,CNN: per-run figures and session diagnostics; aggregate and seed summaries retained
cnn/rebuttal/results/fraction_0p1/seed_17/figures/test_confusion_matrix.png,23163,267e03d8d07d0e9079f5d89d7b35f077d88dfe2810e96ab0c2b011fd93b27bce,CNN: per-run figures and session diagnostics; aggregate and seed summaries retained
cnn/rebuttal/results/fraction_0p1/seed_17/figures/validation_confusion_matrix.png,20246,a50e4448bacd962cfe8b3d97313dd766595541d37ba5cb044481dedc7332188d,CNN: per-run figures and session diagnostics; aggregate and seed summaries retained
cnn/rebuttal/results/fraction_0p1/seed_17/reports/test_confusion_matrix.csv,63,7645aab11b6d4a64c4a4b9ed399bec73101aa58910a8600c659ce5f6c8eada8d,CNN: per-run figures and session diagnostics; aggregate and seed summaries retained
cnn/rebuttal/results/fraction_0p1/seed_17/reports/test_session_metrics.csv,31149,239b1c4bbcd946e5dfe09e8af02d8fe5b64b7dabb068e9f33145f5ed7b4aa61d,CNN: per-run figures and session diagnostics; aggregate and seed summaries retained
cnn/rebuttal/results/fraction_0p1/seed_17/reports/validation_confusion_matrix.csv,62,c7c6d3e6fb461de18ac875942752604a40b46cb3851c81f957a59912d5ce4416,CNN: per-run figures and session diagnostics; aggregate and seed summaries retained
cnn/rebuttal/results/fraction_0p1/seed_17/reports/validation_session_metrics.csv,3747,19605293290de23fbe4ddfc267475a16ff51b76b51bec3172bfcd4ceeda4ec97,CNN: per-run figures and session diagnostics; aggregate and seed summaries retained
cnn/rebuttal/results/fraction_0p1/seed_27/figures/metrics_training.png,62383,bab3e19c344c14b7a4ca1e925be307330195fb336eaed51b4f3a794addd709d1,CNN: per-run figures and session diagnostics; aggregate and seed summaries retained
cnn/rebuttal/results/fraction_0p1/seed_27/figures/roc_validation_test.png,45693,81330bf2bc28718b0b3313a57bfa5b478352536688e5c750799a167e8749f0cc,CNN: per-run figures and session diagnostics; aggregate and seed summaries retained
cnn/rebuttal/results/fraction_0p1/seed_27/figures/test_confusion_matrix.png,22949,65538997e200b31caae805b0d23c17cbe473403e9d7920fcbfb6291e2606bc4c,CNN: per-run figures and session diagnostics; aggregate and seed summaries retained
cnn/rebuttal/results/fraction_0p1/seed_27/figures/validation_confusion_matrix.png,20225,bfc2eed07c50d5b28d55d6b684a6c88d1f129f59f303add4cff0e789f7cb0178,CNN: per-run figures and session diagnostics; aggregate and seed summaries retained
cnn/rebuttal/results/fraction_0p1/seed_27/reports/test_confusion_matrix.csv,63,94bb145cf53be2f6e8700273a7f836d1ea9be7cbac46f09ac04e98e129687e5b,CNN: per-run figures and session diagnostics; aggregate and seed summaries retained
cnn/rebuttal/results/fraction_0p1/seed_27/reports/test_session_metrics.csv,30658,890fc4b8defb2322de3c4a450d3958625427710842bde63dd9b663aa6cb38595,CNN: per-run figures and session diagnostics; aggregate and seed summaries retained
cnn/rebuttal/results/fraction_0p1/seed_27/reports/validation_confusion_matrix.csv,62,299c28274374fb0fd129ed2c3240b4c34ab5affa327baf342e62b2a99c7681b3,CNN: per-run figures and session diagnostics; aggregate and seed summaries retained
cnn/rebuttal/results/fraction_0p1/seed_27/reports/validation_session_metrics.csv,3739,a88d4e54f5958054edb3ef92c60ed7cf4117e3e2092b55685544dac0233acf4a,CNN: per-run figures and session diagnostics; aggregate and seed summaries retained
cnn/rebuttal/results/fraction_0p1/seed_7/figures/metrics_training.png,60608,85036c8d2c93b94ef8d5141d5853bb12804c57099b5bbc42c0b376f7ff1d98ab,CNN: per-run figures and session diagnostics; aggregate and seed summaries retained
cnn/rebuttal/results/fraction_0p1/seed_7/figures/roc_validation_test.png,45382,bbbc98180229476f6461591e5c3fc4d0ac35c2f3a8c09f00eae66de36860f651,CNN: per-run figures and session diagnostics; aggregate and seed summaries retained
cnn/rebuttal/results/fraction_0p1/seed_7/figures/test_confusion_matrix.png,23169,6d87fb41a760f5b3c9b1b640544bd4abe3fdc3d56cd7935e0685aeab31fad9bd,CNN: per-run figures and session diagnostics; aggregate and seed summaries retained
cnn/rebuttal/results/fraction_0p1/seed_7/figures/validation_confusion_matrix.png,20606,a1ab63c7bdda5ccf798322dd7a11c5bc5133bdf10d17c254a69449232c749e41,CNN: per-run figures and session diagnostics; aggregate and seed summaries retained
cnn/rebuttal/results/fraction_0p1/seed_7/reports/test_confusion_matrix.csv,63,e98f560b6decc07d39019c6cde5eb42cfd9c22c7e2b41001273cfdba4657ffa9,CNN: per-run figures and session diagnostics; aggregate and seed summaries retained
cnn/rebuttal/results/fraction_0p1/seed_7/reports/test_session_metrics.csv,30972,c29bb3c027567c279f59f78018bc63fc137a30e0df114ae0b16e6636c20bd1d7,CNN: per-run figures and session diagnostics; aggregate and seed summaries retained
cnn/rebuttal/results/fraction_0p1/seed_7/reports/validation_confusion_matrix.csv,63,db6d2f7fdcf7154e04abbe5b21f461aecef673cf43bb75b4527b1fc0cab68493,CNN: per-run figures and session diagnostics; aggregate and seed summaries retained
cnn/rebuttal/results/fraction_0p1/seed_7/reports/validation_session_metrics.csv,3634,e05c490e240d82c6e00493eb0e106099b37360bfc0c02a2c8582a29193b3762c,CNN: per-run figures and session diagnostics; aggregate and seed summaries retained
cnn/rebuttal/results/fraction_0p25/seed_17/figures/metrics_training.png,62618,64b4fa9e15d0caf442e2f6ba438f41f3bcf22407a4ec195405bd723e3f7b2130,CNN: per-run figures and session diagnostics; aggregate and seed summaries retained
cnn/rebuttal/results/fraction_0p25/seed_17/figures/roc_validation_test.png,44716,1189eadca9d93c6af4b6d72a8e7d56d53cf89487d65558ba3a4b8ef9170605cd,CNN: per-run figures and session diagnostics; aggregate and seed summaries retained
cnn/rebuttal/results/fraction_0p25/seed_17/figures/test_confusion_matrix.png,23053,e57b6ca7bc1ae2774440686e68cdf8a082a408b8bf981e0a8572cb48816c2ad6,CNN: per-run figures and session diagnostics; aggregate and seed summaries retained
cnn/rebuttal/results/fraction_0p25/seed_17/figures/validation_confusion_matrix.png,20440,9ab45b344afff4be1d237f518e04cd437f197ab4b1c61243212e9bbad47ca62f,CNN: per-run figures and session diagnostics; aggregate and seed summaries retained
cnn/rebuttal/results/fraction_0p25/seed_17/reports/test_confusion_matrix.csv,63,2ac97feba5f60a99a7dcdbf8899d9246b873fb399381ec841ec289b3a8b1d7f8,CNN: per-run figures and session diagnostics; aggregate and seed summaries retained
cnn/rebuttal/results/fraction_0p25/seed_17/reports/test_session_metrics.csv,30142,37edcc6fdc1627b267e10f44f0d69e6bd57d1c0e88722aaa95b6185c54a8a4cc,CNN: per-run figures and session diagnostics; aggregate and seed summaries retained
cnn/rebuttal/results/fraction_0p25/seed_17/reports/validation_confusion_matrix.csv,62,8f6e0296875593e75c440b4e1d1b8d827458d4812a4e87f965e838e9ab627d42,CNN: per-run figures and session diagnostics; aggregate and seed summaries retained
cnn/rebuttal/results/fraction_0p25/seed_17/reports/validation_session_metrics.csv,3465,7dfbad20584ef0b32656ecfa81b81ae262bf9a315bbcc6754fe1481e6f88ae1a,CNN: per-run figures and session diagnostics; aggregate and seed summaries retained
cnn/rebuttal/results/fraction_0p25/seed_27/figures/metrics_training.png,58015,83a02be7522ff9368df9647a2970ffdb98399dc8382e8b89a61d936a03ebf33c,CNN: per-run figures and session diagnostics; aggregate and seed summaries retained
cnn/rebuttal/results/fraction_0p25/seed_27/figures/roc_validation_test.png,45051,362c4f3d71eacb8887f3a9b94b60e047af8034040c237640c5eef04d5ef0bb65,CNN: per-run figures and session diagnostics; aggregate and seed summaries retained
cnn/rebuttal/results/fraction_0p25/seed_27/figures/test_confusion_matrix.png,23018,e49db6c9822e5a1910c137874833659bf1b16303ba3c19d57e9f97f40474ffe3,CNN: per-run figures and session diagnostics; aggregate and seed summaries retained
cnn/rebuttal/results/fraction_0p25/seed_27/figures/validation_confusion_matrix.png,20451,b3503b5567990a0113350273ae7a87978c79505cdb19cb320d4a1c743938f2e8,CNN: per-run figures and session diagnostics; aggregate and seed summaries retained
cnn/rebuttal/results/fraction_0p25/seed_27/reports/test_confusion_matrix.csv,63,02388f89399ce6574c880429745a83921ff82b00e8841719de3b5e660e521ec2,CNN: per-run figures and session diagnostics; aggregate and seed summaries retained
cnn/rebuttal/results/fraction_0p25/seed_27/reports/test_session_metrics.csv,30141,bf6f2b1c43d73737fdb8028776e040bc0a13932469d036ddf7cd07eb375434ba,CNN: per-run figures and session diagnostics; aggregate and seed summaries retained
cnn/rebuttal/results/fraction_0p25/seed_27/reports/validation_confusion_matrix.csv,62,77934b00df71b232820dfb9d4610e8782d2d4ec6b17275c42b8c0e92b91948a7,CNN: per-run figures and session diagnostics; aggregate and seed summaries retained
cnn/rebuttal/results/fraction_0p25/seed_27/reports/validation_session_metrics.csv,3440,9a43aff279b52864679042c9182c17173768485338c8156d70ab8d05029c31ea,CNN: per-run figures and session diagnostics; aggregate and seed summaries retained
cnn/rebuttal/results/fraction_0p25/seed_7/figures/metrics_training.png,65725,db6ebd816c642d450a7f84a4a4d670196fa2da17915adb9d20befa7a2998580d,CNN: per-run figures and session diagnostics; aggregate and seed summaries retained
cnn/rebuttal/results/fraction_0p25/seed_7/figures/roc_validation_test.png,45334,aa1540c96ce8ec24d6fdd4c93e433604d173dae77081156a2251f2581ad1180d,CNN: per-run figures and session diagnostics; aggregate and seed summaries retained
cnn/rebuttal/results/fraction_0p25/seed_7/figures/test_confusion_matrix.png,23310,23cc89f5618f63228d193ac97f77c21ecf0628d5097bb4a4b9bdf49daaf029eb,CNN: per-run figures and session diagnostics; aggregate and seed summaries retained
cnn/rebuttal/results/fraction_0p25/seed_7/figures/validation_confusion_matrix.png,20283,de64cc6343ba2eaa4610af95e63b7e117213b8e8a7e4dc60ac0f738c974eeae4,CNN: per-run figures and session diagnostics; aggregate and seed summaries retained
cnn/rebuttal/results/fraction_0p25/seed_7/reports/test_confusion_matrix.csv,63,78ca37c0b7a4b89170954210ff93ac89093e77eb6b3a0d9fe4a602fc05849a29,CNN: per-run figures and session diagnostics; aggregate and seed summaries retained
cnn/rebuttal/results/fraction_0p25/seed_7/reports/test_session_metrics.csv,30503,881a558903f0035a4d07519f88ec2cea9a2017a73c8471a8af7bcdbd8923b7ef,CNN: per-run figures and session diagnostics; aggregate and seed summaries retained
cnn/rebuttal/results/fraction_0p25/seed_7/reports/validation_confusion_matrix.csv,62,44aec307bd6babad3c7ed54becf8ec2ba44b8eecc046c724f9e5b20922b8af9d,CNN: per-run figures and session diagnostics; aggregate and seed summaries retained
cnn/rebuttal/results/fraction_0p25/seed_7/reports/validation_session_metrics.csv,3382,bd81e01e5e7cfb96c46cc08bace8ea5c55b0bb613bf9191083292f942cb9b86b,CNN: per-run figures and session diagnostics; aggregate and seed summaries retained
cnn/rebuttal/results/fraction_0p5/seed_17/figures/metrics_training.png,68934,93f7b98a1373bc5a197a3781ab33c40b6ba6b4e76738b1c9cbb33ad815567acb,CNN: per-run figures and session diagnostics; aggregate and seed summaries retained
cnn/rebuttal/results/fraction_0p5/seed_17/figures/roc_validation_test.png,44604,7921f9ff06169efbb13f40575f0df6edd5b97e8473268b3bae177bf5b9803b3d,CNN: per-run figures and session diagnostics; aggregate and seed summaries retained
cnn/rebuttal/results/fraction_0p5/seed_17/figures/test_confusion_matrix.png,22935,984ff07bd204921605c96a8149925ea017f6ef83f677d53c2d57dc739f6d68f4,CNN: per-run figures and session diagnostics; aggregate and seed summaries retained
cnn/rebuttal/results/fraction_0p5/seed_17/figures/validation_confusion_matrix.png,20108,7d5c377fce7c6f73fc68bae951642a332a3bb1e353d26bb3e92e3e908325757c,CNN: per-run figures and session diagnostics; aggregate and seed summaries retained
cnn/rebuttal/results/fraction_0p5/seed_17/reports/test_confusion_matrix.csv,63,0e0f1ca2281747d8512a0999c804d4c2421eae0248162bf746ed55f47e039212,CNN: per-run figures and session diagnostics; aggregate and seed summaries retained
cnn/rebuttal/results/fraction_0p5/seed_17/reports/test_session_metrics.csv,30046,e46eb871b78dc838a08202cdf246926a413573a68396a729cecff6820a372fd4,CNN: per-run figures and session diagnostics; aggregate and seed summaries retained
cnn/rebuttal/results/fraction_0p5/seed_17/reports/validation_confusion_matrix.csv,62,0655fecfbedf45d070876245b1b8eb7c2474e0462abb3c3f1adba29573a9eb2c,CNN: per-run figures and session diagnostics; aggregate and seed summaries retained
cnn/rebuttal/results/fraction_0p5/seed_17/reports/validation_session_metrics.csv,3316,a4ae4bf428aa33a7a716e80ae26471a77304d47151e8575f765d3f22f00ee8ef,CNN: per-run figures and session diagnostics; aggregate and seed summaries retained
cnn/rebuttal/results/fraction_0p5/seed_27/figures/metrics_training.png,65583,a1d793909d85ece84e6362305f95105d454d87f8fc2770298dddd1b7db6a0175,CNN: per-run figures and session diagnostics; aggregate and seed summaries retained
cnn/rebuttal/results/fraction_0p5/seed_27/figures/roc_validation_test.png,44412,ad2cff53cf983cc76873eb2f0ececbbca0c54aa9132a58baf0d9d71a3b6e15f9,CNN: per-run figures and session diagnostics; aggregate and seed summaries retained
cnn/rebuttal/results/fraction_0p5/seed_27/figures/test_confusion_matrix.png,23109,0d1b006937fad200ebfcfc90c0adc64b65e9c03db3c7579ebe35449acb401464,CNN: per-run figures and session diagnostics; aggregate and seed summaries retained
cnn/rebuttal/results/fraction_0p5/seed_27/figures/validation_confusion_matrix.png,20287,311ad3d63916e176c29a2b6f31b80210e9d73a392d70ef3c7df9443fb02ec622,CNN: per-run figures and session diagnostics; aggregate and seed summaries retained
cnn/rebuttal/results/fraction_0p5/seed_27/reports/test_confusion_matrix.csv,63,b8f5d8fae7e61bf6c9c74ef7a1a049722dd8eac9b295beabaeca2318060a072f,CNN: per-run figures and session diagnostics; aggregate and seed summaries retained
cnn/rebuttal/results/fraction_0p5/seed_27/reports/test_session_metrics.csv,29868,3383a3fde64117a64eb2de4bed871cec459f3589afffc60dbd65142fb1be6ca9,CNN: per-run figures and session diagnostics; aggregate and seed summaries retained
cnn/rebuttal/results/fraction_0p5/seed_27/reports/validation_confusion_matrix.csv,62,20061dee8e4277ea136662a5d212eafa7293f95a9a1cb39beb0f5a11786d9dcf,CNN: per-run figures and session diagnostics; aggregate and seed summaries retained
cnn/rebuttal/results/fraction_0p5/seed_27/reports/validation_session_metrics.csv,3443,fb73687d99728e4a36c0de602b81349935ae19ca7f9b13831f5675ecfb80cb48,CNN: per-run figures and session diagnostics; aggregate and seed summaries retained
cnn/rebuttal/results/fraction_0p5/seed_7/figures/metrics_training.png,63554,0e8729e094591c5ca103f58a5f8c150dad6e288d80701cfbcd6329bd7fdeded0,CNN: per-run figures and session diagnostics; aggregate and seed summaries retained
cnn/rebuttal/results/fraction_0p5/seed_7/figures/roc_validation_test.png,44911,bcc640b7f5fea1387f0e78cc525734dd1b2010e063bcc619e5491af0cde04d07,CNN: per-run figures and session diagnostics; aggregate and seed summaries retained
cnn/rebuttal/results/fraction_0p5/seed_7/figures/test_confusion_matrix.png,23041,f6f415b87e6349e6f7888620e527ac6b19c26d340d35ca128beff71808a74b8f,CNN: per-run figures and session diagnostics; aggregate and seed summaries retained
cnn/rebuttal/results/fraction_0p5/seed_7/figures/validation_confusion_matrix.png,20486,69c4d2e405f92e58125fcb0215fdb17d17b285d75077f3c90cdffe05bd3c1975,CNN: per-run figures and session diagnostics; aggregate and seed summaries retained
cnn/rebuttal/results/fraction_0p5/seed_7/reports/test_confusion_matrix.csv,63,cc98c333bad4152fb1d450b3e34507b9131f75d424951645993798d428081f88,CNN: per-run figures and session diagnostics; aggregate and seed summaries retained
cnn/rebuttal/results/fraction_0p5/seed_7/reports/test_session_metrics.csv,30410,dc149d9eb41b8e8817a2fdca7954b9d231b84d7e51fd1b395c08fe1b5c77c780,CNN: per-run figures and session diagnostics; aggregate and seed summaries retained
cnn/rebuttal/results/fraction_0p5/seed_7/reports/validation_confusion_matrix.csv,62,7f1e8dd351df42d513feede6d17e550704b089ea5b383b0c81e56e09433729ed,CNN: per-run figures and session diagnostics; aggregate and seed summaries retained
cnn/rebuttal/results/fraction_0p5/seed_7/reports/validation_session_metrics.csv,3373,8d287a8a36f0c096300aa43ffbbaf01b9bd44d3419c8ce2bf2cdbdc19b94b01c,CNN: per-run figures and session diagnostics; aggregate and seed summaries retained
cnn/rebuttal/results/fraction_1/seed_17/figures/metrics_training.png,65126,414f2607fb1cfaf5622ec74be11559ced030a187c62674b7ed3a278f8f8f8441,CNN: per-run figures and session diagnostics; aggregate and seed summaries retained
cnn/rebuttal/results/fraction_1/seed_17/figures/roc_validation_test.png,45100,b70ffdc1e627fde058e2bae65cb83221f034c4377b06b242f2db2becc7e95b22,CNN: per-run figures and session diagnostics; aggregate and seed summaries retained
cnn/rebuttal/results/fraction_1/seed_17/figures/test_confusion_matrix.png,22919,4481da4473cca66cd4d27e681e6338be747d190e541e22b040916b5008945ba6,CNN: per-run figures and session diagnostics; aggregate and seed summaries retained
cnn/rebuttal/results/fraction_1/seed_17/figures/validation_confusion_matrix.png,20727,770e5dd41213dd0d1ba355ff39a4e4c769a5c72a414b4edc10873ddcc0864c8d,CNN: per-run figures and session diagnostics; aggregate and seed summaries retained
cnn/rebuttal/results/fraction_1/seed_17/reports/test_confusion_matrix.csv,63,2270209d81b42099c6991be00241cabe310b23fa103abb5d3ee7f9024689460e,CNN: per-run figures and session diagnostics; aggregate and seed summaries retained
cnn/rebuttal/results/fraction_1/seed_17/reports/test_session_metrics.csv,30467,bfa0b1da59a5af82c80ccbc3de90baf0a59080290ae8c7838086f6e5d4a5e5fe,CNN: per-run figures and session diagnostics; aggregate and seed summaries retained
cnn/rebuttal/results/fraction_1/seed_17/reports/validation_confusion_matrix.csv,63,4a9247c60837d22076450f96d663c780ae4048a17f98f89a9f41ab0d48ace4e1,CNN: per-run figures and session diagnostics; aggregate and seed summaries retained
cnn/rebuttal/results/fraction_1/seed_17/reports/validation_session_metrics.csv,3331,f94fc60f94087b6924baddc07d9aec9b51b9b97f8e44d04a8169b55db236a9e6,CNN: per-run figures and session diagnostics; aggregate and seed summaries retained
cnn/rebuttal/results/fraction_1/seed_27/figures/metrics_training.png,57762,267702d93bf709091491ae69a3159090d205ebae8bd5b745641a1a1034e0b123,CNN: per-run figures and session diagnostics; aggregate and seed summaries retained
cnn/rebuttal/results/fraction_1/seed_27/figures/roc_validation_test.png,44426,648d5a4864dc9025e37e238f7c8aac06278f6661ee56243bc677ed0a60bbddb2,CNN: per-run figures and session diagnostics; aggregate and seed summaries retained
cnn/rebuttal/results/fraction_1/seed_27/figures/test_confusion_matrix.png,22876,d74054ee0505df6d5bdec3e8ba9414be0f737603e31efe4162fcecfc889d934f,CNN: per-run figures and session diagnostics; aggregate and seed summaries retained
cnn/rebuttal/results/fraction_1/seed_27/figures/validation_confusion_matrix.png,19952,36fd94c4f2fd0a2de14d5bf5ebd6acc639952b9a8737f45fbcdb9dcb63971d70,CNN: per-run figures and session diagnostics; aggregate and seed summaries retained
cnn/rebuttal/results/fraction_1/seed_27/reports/test_confusion_matrix.csv,63,ff2b6f716a4c00f3ba1f33881f29769eabd7d199c6ee2c0cdc173c6d23cf0c66,CNN: per-run figures and session diagnostics; aggregate and seed summaries retained
cnn/rebuttal/results/fraction_1/seed_27/reports/test_session_metrics.csv,30249,6ed1d3d996061af5bdc7e675edfcf825f8ab217716f93aea7f3ff75ed6783d73,CNN: per-run figures and session diagnostics; aggregate and seed summaries retained
cnn/rebuttal/results/fraction_1/seed_27/reports/validation_confusion_matrix.csv,62,2b8d63b74cf35e6daedfadd024763c3dd46729c59cd8fa2fc43e0669adc05fb2,CNN: per-run figures and session diagnostics; aggregate and seed summaries retained
cnn/rebuttal/results/fraction_1/seed_27/reports/validation_session_metrics.csv,3437,1009a24171d414a2c1f1fd79ee52042c1a1479ffe6fe489f080c167e9ab0a429,CNN: per-run figures and session diagnostics; aggregate and seed summaries retained
cnn/rebuttal/results/fraction_1/seed_7/figures/metrics_training.png,59438,674235a82ed57f84f695e391c12026c82d35cf6faa696cb8e3e70906dbac6e21,CNN: per-run figures and session diagnostics; aggregate and seed summaries retained
cnn/rebuttal/results/fraction_1/seed_7/figures/roc_validation_test.png,44482,f68db0c3d3531e9230523cb59cf652264f299467a46530f85bd40e0122d0a99e,CNN: per-run figures and session diagnostics; aggregate and seed summaries retained
cnn/rebuttal/results/fraction_1/seed_7/figures/test_confusion_matrix.png,22779,02f4acf0d949a405b5772d3d3bb716e6226c9727b9fb188215f445fe3f470716,CNN: per-run figures and session diagnostics; aggregate and seed summaries retained
cnn/rebuttal/results/fraction_1/seed_7/figures/validation_confusion_matrix.png,20227,eb90e92222f73576cf5ad9853707ecab0e08b9385f0c17419dcadeca33506ba6,CNN: per-run figures and session diagnostics; aggregate and seed summaries retained
cnn/rebuttal/results/fraction_1/seed_7/reports/test_confusion_matrix.csv,63,1473514327e6fb929a06c0d7caf1cebcc55a407190e4eb818133a57bf5fbcd52,CNN: per-run figures and session diagnostics; aggregate and seed summaries retained
cnn/rebuttal/results/fraction_1/seed_7/reports/test_session_metrics.csv,29958,447ff3fa5e889cbaaa9b65e091330a11a0f26ffd019a67d5ab7b79df7fce9e86,CNN: per-run figures and session diagnostics; aggregate and seed summaries retained
cnn/rebuttal/results/fraction_1/seed_7/reports/validation_confusion_matrix.csv,62,948ccbab47bd4c8163d650e91882c3227faa91ec1d161ac8db539b43b67d75d4,CNN: per-run figures and session diagnostics; aggregate and seed summaries retained
cnn/rebuttal/results/fraction_1/seed_7/reports/validation_session_metrics.csv,3300,4f78a77195389336da62e67f1512a64fb73b66ebf059eebf7b6e6170257d8f6b,CNN: per-run figures and session diagnostics; aggregate and seed summaries retained
experiments/benchmark/results/hf_collections_benchmark.md,1264,216e9dc2dc6dbb27642f95bdff7a8a48ec911990468c9b78646c8813517cfbdd,Historical or extended results outside the selected manuscript table
experiments/benchmark/results/hf_collections_benchmark.tex,1313,be4563d6a75c91bb0223fb4f54593487850c11560f75e3cef57c73b7a4658edc,Historical or extended results outside the selected manuscript table
experiments/benchmark/results/linear_parts/20260726_203317/aves_bio_all.csv,455,c2ac3522ec87ae1b3915139c2e00d6eb48040fd0e883b2977a8bb06108d31283,Intermediate probe CSVs already consolidated
experiments/benchmark/results/linear_parts/20260726_203317/aves_bio_balanced.csv,460,96800b79c059cdb9105fa7bb9c3e4409c67d576d75c5bdf5ae98a23f0a31e049,Intermediate probe CSVs already consolidated
experiments/benchmark/results/linear_parts/20260726_203317/aves_core_all.csv,457,1ae3f90ec77e5642d0e432f2e5a7077e9cbe8fad07568b9ee28b249fa84b8fa6,Intermediate probe CSVs already consolidated
experiments/benchmark/results/linear_parts/20260726_203317/aves_core_balanced.csv,462,673b1597571d822c8b2daba4754d8fcb6cb75087ceadc3486b996af5ae803199,Intermediate probe CSVs already consolidated
experiments/benchmark/results/linear_parts/20260726_203317/biolingual_all.csv,461,01f9b554e8d32fb5ccb853a976d9cd2ad317c73ac7fd7ed92452ec7c8fb0ee91,Intermediate probe CSVs already consolidated
experiments/benchmark/results/linear_parts/20260726_203317/biolingual_balanced.csv,466,9cda2dec6843570599cfaf515a563c0c4526082db1136889bb1905fff7526436,Intermediate probe CSVs already consolidated
experiments/benchmark/results/linear_parts/20260726_210317/aves_bio_unbalanced.csv,462,398bf19fb87b37e92a7ca9434e1e96ac500aacbbbc96d0a3beb6edc97ac62047,Intermediate probe CSVs already consolidated
experiments/benchmark/results/linear_parts/20260726_210317/aves_core_unbalanced.csv,464,1c9dae8b611c21f4f2dd09b1a3c0f67f8f53012d69a709ebedfd7c35445d31ab,Intermediate probe CSVs already consolidated
experiments/benchmark/results/linear_parts/20260726_210317/biolingual_unbalanced.csv,468,2fccb8f2691e61f97dc8c189fe3127b54f882c3b3b52bd07f519ab4e5c7b707c,Intermediate probe CSVs already consolidated
experiments/benchmark/results/pr_curves/pr_micro_classification.pdf,105098,828c29e09ca49c3370710f54acdb1251932c452d5f66b12d2f57f75b033c9e6b,Historical PR outputs; final classification protocol not established
experiments/benchmark/results/pr_curves/pr_micro_classification.png,151570,52fe23bc61f61f00bb29e2f47484d5e72a9a8647344885f5c17c6b1a80b62f2d,Historical PR outputs; final classification protocol not established
experiments/benchmark/results/pr_curves/pr_micro_classification_curves.csv,2847879,c27503443b2b37127176eff19abd2e716ad6092608a1d50e7067d59062e4dc3d,Historical PR outputs; final classification protocol not established
experiments/benchmark/results/pr_curves/pr_micro_detection.pdf,48027,1cc67ac6623fc2f49892930c2e4c2dc0fe54a538d7f2abaa6a5243e1f78ca5c2,Historical PR outputs; final classification protocol not established
experiments/benchmark/results/pr_curves/pr_micro_detection.png,164357,2890905844cb46d3cf1711649b89cd31944d7f21c90a3c9addcec050001890bd,Historical PR outputs; final classification protocol not established
experiments/benchmark/results/pr_curves/pr_micro_detection_curves.csv,6098960,8572ef8cd57f726a1082b78dd7961b69716b6be7e78d1aff44cfb97409414a42,Historical PR outputs; final classification protocol not established
experiments/benchmark/results/rebuttal_linear_probing.csv,556,8cf0ff4c09406140718d0eb03872d61b0dd54d38155763e3ad2e8f3058725b71,Historical or extended results outside the selected manuscript table
experiments/benchmark/results/results_classification.txt,978,ae2dd07eed7c070d167ea25600df7c5ca697f139a1097c80d918585a2fbb353e,Historical or extended results outside the selected manuscript table
experiments/benchmark/results/results_classification_all_f1.txt,979,db0f3c1323361d5ac6e956f1321b439ee55ab8b595b54c1d51dcd81924e61b6e,Historical or extended results outside the selected manuscript table
experiments/benchmark/results/results_classification_balanced_accuracy.txt,978,ae2dd07eed7c070d167ea25600df7c5ca697f139a1097c80d918585a2fbb353e,Historical or extended results outside the selected manuscript table
experiments/benchmark/results/results_classification_balanced_f1.txt,1118,3f311131303073259608e1040052cf625987d97ccf760e25c1f43fdd49094e6c,Historical or extended results outside the selected manuscript table
experiments/benchmark/results/results_detection.txt,875,3f1b177ca7343ad69c91f78df440d961b8fe9cbf0e238f5a7c733acb17a1e63a,Historical or extended results outside the selected manuscript table
experiments/benchmark/results/results_openset.txt,7797,eaff5396cb77dd42af826da390589609332b6b73d00fd61bc830153db110b9db,Historical or extended results outside the selected manuscript table
experiments/benchmark/results/roc_curves/aves_bio/roc_detection.pdf,22664,1e65ac2baae7810f9f30a0d9bc07a9f9b3ee788329e5be5e50a3218e1f8ee354,Individual ROC plots or duplicate HF model export; seven-model plot and sources retained
experiments/benchmark/results/roc_curves/aves_bio/roc_detection.png,143244,42599fc99d80399cb78b9973819037883824a858e531de8d0949535e090ac565,Individual ROC plots or duplicate HF model export; seven-model plot and sources retained
experiments/benchmark/results/roc_curves/aves_core/roc_detection.pdf,23282,27c26f1fe0f05110f600515c96d475acb1b6e7d19596a1f88831c9cc6c481a44,Individual ROC plots or duplicate HF model export; seven-model plot and sources retained
experiments/benchmark/results/roc_curves/aves_core/roc_detection.png,148115,dc934b862c504972c9907d64ecb1df2912e91d25805603108666c27fb7ec1c21,Individual ROC plots or duplicate HF model export; seven-model plot and sources retained
experiments/benchmark/results/roc_curves/biolingual/roc_detection.pdf,23109,a7847ac510e62f668368b6f0172d232dc194ecfcae9d76031e35a6f0e6d99c42,Individual ROC plots or duplicate HF model export; seven-model plot and sources retained
experiments/benchmark/results/roc_curves/biolingual/roc_detection.png,142583,3354d122bce9b54590a2cd587ce86fe3012477f66deea39399b011272a86f04e,Individual ROC plots or duplicate HF model export; seven-model plot and sources retained
experiments/benchmark/results/roc_curves/dolph2vec/roc_detection.pdf,21522,f11520b80e8018614dae9675ed346985edd22da693f229d0525bdc371b4c1b85,Individual ROC plots or duplicate HF model export; seven-model plot and sources retained
experiments/benchmark/results/roc_curves/dolph2vec/roc_detection.png,138734,5614a6361054f932408af18fcb18d9b3c6ef503629618d1d238cfd1ba2c5628c,Individual ROC plots or duplicate HF model export; seven-model plot and sources retained
experiments/benchmark/results/roc_curves/dolphinteam__OpenWhistle-Wav2Vec2.0/roc_detection.pdf,21343,5ff951309f9d90ea4651f0f14a135b15d5fb12343b78332ff49bfde41beb2822,Individual ROC plots or duplicate HF model export; seven-model plot and sources retained
experiments/benchmark/results/roc_curves/dolphinteam__OpenWhistle-Wav2Vec2.0/roc_detection.png,137361,481a330099459aab766e6976f7e8e814e830cc5b2ce78baf1e510bb64f8d9e0a,Individual ROC plots or duplicate HF model export; seven-model plot and sources retained
experiments/benchmark/results/roc_curves/dolphinteam__OpenWhistle-Wav2Vec2.0/roc_points.csv,47542,c32102ddb3a377e5e876e0acde83278a31c97d75f2aa14d9775a062a45698f52,Individual ROC plots or duplicate HF model export; seven-model plot and sources retained
experiments/benchmark/results/roc_curves/dolphinteam__OpenWhistle-Wav2Vec2.0/roc_summary.json,1838,e6541b7563302d4eee0bec391a4a9f9be91251fe9af3a12a099a0884da06a01a,Individual ROC plots or duplicate HF model export; seven-model plot and sources retained
experiments/benchmark/results/roc_curves/mfcc/roc_detection.pdf,24771,69e9d7cbd8905bc67e2e50575423f4dc06939025728440210a0177699fac7dc4,Individual ROC plots or duplicate HF model export; seven-model plot and sources retained
experiments/benchmark/results/roc_curves/mfcc/roc_detection.png,152410,7781a90a27b5f1915a9c3b93485d85e75b6825ddbc506b05c47655b60dafa1f0,Individual ROC plots or duplicate HF model export; seven-model plot and sources retained
experiments/benchmark/results/roc_curves/spectral_features/roc_detection.pdf,25228,883b3da2f44cd9e9ad3d19b86b5a8626d0ecb4df05e7b0fbfa761df82f3b1d9b,Individual ROC plots or duplicate HF model export; seven-model plot and sources retained
experiments/benchmark/results/roc_curves/spectral_features/roc_detection.png,158547,62474f99d9cc6eb386e7b8fa0107b4cf3f385d8f81321c58b5bb99805bc82c97,Individual ROC plots or duplicate HF model export; seven-model plot and sources retained
experiments/benchmark/results/roc_curves/spectrogram/roc_detection.pdf,24344,c4b216707490453883c501716f59a48369245e5d2cf616c5d1f97e4e5a514f53,Individual ROC plots or duplicate HF model export; seven-model plot and sources retained
experiments/benchmark/results/roc_curves/spectrogram/roc_detection.png,152865,fc4506be0c9e6bcfbefda89c70383f24209320d756e3553d7aa6fcabb44e3e98,Individual ROC plots or duplicate HF model export; seven-model plot and sources retained
experiments/benchmark/results/umap_dolph2vec_classification.png,605092,310146781797e03fc856dcd6f3d6fbaeaa5dc5f674555c0e4711ba77233c6e99,Historical or extended results outside the selected manuscript table
experiments/benchmark/results/watkins_macro_f1/aves_bio_rerun/bootstrap.csv,18881,6f168431294e29d67cc29008869778ee7ec6fc3f956fc4f401a70e31f030c074,Historical metrics or regenerable bootstrap samples; predictions and provenance retained
experiments/benchmark/results/watkins_macro_f1/aves_bio_rerun/historical_metrics.json,598,5535d7e13b8979910fc0556b3d82173ae33bd99bf11678db21e2212fbdc1d834,Historical metrics or regenerable bootstrap samples; predictions and provenance retained
experiments/benchmark/results/watkins_macro_f1/dolphinteam_OpenWhistle_Wav2Vec2.0/bootstrap.csv,18892,9f0117e6c21e77f0b30fbc3df5784bb814d2a18d0e34fadd3065895468aadaf4,Historical metrics or regenerable bootstrap samples; predictions and provenance retained
experiments/benchmark/results/watkins_macro_f1/dolphinteam_OpenWhistle_Wav2Vec2.0/historical_metrics.json,619,8f67f6ded7cbf0836b7952053a075682f1dfea06828bdea1cf56c7197d75a55d,Historical metrics or regenerable bootstrap samples; predictions and provenance retained
experiments/finetuning/results/hf_collection/dolphinteam__AVES-bio-OpenWhistle-100pct/seed_42/results.json,3209,33df3b2d116424eeb165306d5a997fb3e7176a293c60fc683c396434cae35749,Extra fine-tuning collection runs outside the rebuttal summary
experiments/finetuning/results/hf_collection/dolphinteam__AVES-bio-OpenWhistle-100pct/seed_43/results.json,4295,da8d64de0ce88be0fb69abeaaad96dba3af117ca23f55f78c2cd1bab2232c34f,Extra fine-tuning collection runs outside the rebuttal summary
experiments/finetuning/results/hf_collection/dolphinteam__AVES-bio-OpenWhistle-100pct/seed_44/results.json,3869,adf2006492b9f06de762e6404e5ff4aaa5eecb30f0b2037e06ff26453d0012cd,Extra fine-tuning collection runs outside the rebuttal summary
experiments/finetuning/results/hf_collection/dolphinteam__AVES-bio-OpenWhistle-10pct-44kHz/seed_42/results.json,5147,41783280b24d5ce62332f60fcfe420944555674e067a52a7a99eef60165defbe,Extra fine-tuning collection runs outside the rebuttal summary
experiments/finetuning/results/hf_collection/dolphinteam__AVES-bio-OpenWhistle-10pct/seed_42/results.json,4316,a6b69170dc687d006f3734822764ba0a064e4fff14d9c81cb54c254c8d10f941,Extra fine-tuning collection runs outside the rebuttal summary
experiments/finetuning/results/hf_collection/dolphinteam__AVES-bio-OpenWhistle-10pct/seed_43/results.json,5150,acd66f2a877234bdd1a011c3b715863cc076a56f463e196730f1e6a62d83bf8a,Extra fine-tuning collection runs outside the rebuttal summary
experiments/finetuning/results/hf_collection/dolphinteam__AVES-bio-OpenWhistle-10pct/seed_44/results.json,3431,850e7e71819b562bb8b29a72c45a646aa1d70a2933bcab33b773a92d8d29fce8,Extra fine-tuning collection runs outside the rebuttal summary
experiments/finetuning/results/hf_collection/dolphinteam__AVES-bio-OpenWhistle-50pct/seed_42/results.json,4927,fd780474ccf346470b21689aeee09f466c42b5d86e0fda66cb2bc0870e8b9545,Extra fine-tuning collection runs outside the rebuttal summary
experiments/finetuning/results/hf_collection/dolphinteam__AVES-bio-OpenWhistle-50pct/seed_43/results.json,3587,d17ef880941aa96baa6631eeaecb5df40074c12f1e8440cdb7b270b9f00e2d29,Extra fine-tuning collection runs outside the rebuttal summary
experiments/finetuning/results/hf_collection/dolphinteam__AVES-bio-OpenWhistle-50pct/seed_44/results.json,3840,7b7520d6b5e35757faee111cdfdf83e9c3f99882d30f637dba467007b9b94f23,Extra fine-tuning collection runs outside the rebuttal summary
