label,point_index,threshold,false_positive_rate,true_positive_rate
micro,0,inf,0.0,0.0
micro,1,0.9829750264350589,0.00018315018315018315,0.0
micro,2,0.9635118688381359,0.0005494505494505495,0.0
micro,3,0.8800936049933212,0.0005494505494505495,0.009523809523809525
micro,4,0.878643655721371,0.0007326007326007326,0.009523809523809525
micro,5,0.8719060863630784,0.0007326007326007326,0.016666666666666666
micro,6,0.8466080846526944,0.0009157509157509158,0.016666666666666666
micro,7,0.8376382885440992,0.0009157509157509158,0.01904761904761905
micro,8,0.8116163859325854,0.001098901098901099,0.01904761904761905
micro,9,0.7740647099572678,0.001098901098901099,0.03333333333333333
micro,10,0.7579033507957923,0.0016483516483516484,0.03333333333333333
micro,11,0.7515283462307761,0.0016483516483516484,0.03571428571428571
micro,12,0.748553894353418,0.002014652014652015,0.03571428571428571
micro,13,0.7332929236837304,0.002014652014652015,0.0380952380952381
micro,14,0.7231276185799119,0.002197802197802198,0.0380952380952381
micro,15,0.7142912946670679,0.002197802197802198,0.04285714285714286
micro,16,0.7061568924114502,0.002380952380952381,0.04285714285714286
micro,17,0.7034020935126206,0.002380952380952381,0.04523809523809524
micro,18,0.6627236458689247,0.0029304029304029304,0.04523809523809524
micro,19,0.6309512085684599,0.0029304029304029304,0.05476190476190476
micro,20,0.630819148842703,0.0031135531135531138,0.05476190476190476
micro,21,0.6262297064193816,0.0031135531135531138,0.05952380952380952
micro,22,0.6241923675494767,0.0032967032967032967,0.05952380952380952
micro,23,0.5910905245140303,0.0032967032967032967,0.08333333333333333
micro,24,0.5896703535694305,0.00347985347985348,0.08333333333333333
micro,25,0.5789636079238677,0.00347985347985348,0.09047619047619047
micro,26,0.5565781446716799,0.004212454212454212,0.09047619047619047
micro,27,0.5398997304992432,0.004212454212454212,0.09761904761904762
micro,28,0.5294660494589167,0.004761904761904762,0.09761904761904762
micro,29,0.516822594284256,0.004761904761904762,0.10952380952380952
micro,30,0.5150748117764508,0.004945054945054945,0.10952380952380952
micro,31,0.5146624150288703,0.004945054945054945,0.11190476190476191
micro,32,0.5113996636592838,0.005128205128205128,0.11190476190476191
micro,33,0.5102017779155699,0.005128205128205128,0.11428571428571428
micro,34,0.4861017037948654,0.0056776556776556774,0.11428571428571428
micro,35,0.4859730287441394,0.0056776556776556774,0.11666666666666667
micro,36,0.48410069009083206,0.006043956043956044,0.11666666666666667
micro,37,0.48172945063321626,0.006043956043956044,0.11904761904761904
micro,38,0.4809937944456545,0.0062271062271062275,0.11904761904761904
micro,39,0.4805738657200888,0.0062271062271062275,0.12142857142857143
micro,40,0.47430891602475017,0.006593406593406593,0.12142857142857143
micro,41,0.4705526565289029,0.006593406593406593,0.1261904761904762
micro,42,0.4671732598884721,0.007142857142857143,0.1261904761904762
micro,43,0.46472065154394204,0.007142857142857143,0.12857142857142856
micro,44,0.4635280065672939,0.007326007326007326,0.12857142857142856
micro,45,0.4548721456576691,0.007326007326007326,0.13333333333333333
micro,46,0.45393251773209053,0.007509157509157509,0.13333333333333333
micro,47,0.452197270076022,0.007509157509157509,0.1357142857142857
micro,48,0.45080609037910035,0.007875457875457875,0.1357142857142857
micro,49,0.44900220287604775,0.007875457875457875,0.1380952380952381
micro,50,0.44701699120959976,0.00805860805860806,0.1380952380952381
micro,51,0.44390965564989365,0.00805860805860806,0.14047619047619048
micro,52,0.4413787697000276,0.008241758241758242,0.14047619047619048
micro,53,0.44000655568594405,0.008241758241758242,0.14523809523809525
micro,54,0.4348101316956157,0.008424908424908424,0.14523809523809525
micro,55,0.43388880593379675,0.008424908424908424,0.15
micro,56,0.4325347243686763,0.008791208791208791,0.15
micro,57,0.427367679945881,0.008791208791208791,0.15476190476190477
micro,58,0.414966550271746,0.00934065934065934,0.15476190476190477
micro,59,0.41383616013527585,0.00934065934065934,0.15714285714285714
micro,60,0.41126158304551286,0.00989010989010989,0.15714285714285714
micro,61,0.4110389553741701,0.00989010989010989,0.1595238095238095
micro,62,0.39774377703234387,0.010622710622710623,0.1595238095238095
micro,63,0.3928383185912763,0.010622710622710623,0.1619047619047619
micro,64,0.38250382848303266,0.01098901098901099,0.1619047619047619
micro,65,0.3820896770028048,0.01098901098901099,0.16428571428571428
micro,66,0.38070523483789964,0.011172161172161172,0.16428571428571428
micro,67,0.3777926937995574,0.011172161172161172,0.17142857142857143
micro,68,0.364578066750501,0.012637362637362638,0.17142857142857143
micro,69,0.36362134208689706,0.012637362637362638,0.1738095238095238
micro,70,0.36198238110082026,0.013003663003663004,0.1738095238095238
micro,71,0.3515028513803766,0.013003663003663004,0.18095238095238095
micro,72,0.34738189805747743,0.01336996336996337,0.18095238095238095
micro,73,0.34688713021710676,0.01336996336996337,0.18333333333333332
micro,74,0.34268025377392053,0.013736263736263736,0.18333333333333332
micro,75,0.34264835445833713,0.013736263736263736,0.18571428571428572
micro,76,0.33789315960693006,0.014102564102564103,0.18571428571428572
micro,77,0.3371292209693924,0.014102564102564103,0.1880952380952381
micro,78,0.3329206175648481,0.015018315018315019,0.1880952380952381
micro,79,0.33176631797288897,0.015018315018315019,0.19047619047619047
micro,80,0.3243608057055304,0.015384615384615385,0.19047619047619047
micro,81,0.32032898337209637,0.015384615384615385,0.2
micro,82,0.31900379836089704,0.015567765567765568,0.2
micro,83,0.318421655624536,0.015567765567765568,0.20238095238095238
micro,84,0.3172652928261111,0.015934065934065933,0.20238095238095238
micro,85,0.3151765078113085,0.015934065934065933,0.20714285714285716
micro,86,0.31127749344113803,0.016666666666666666,0.20714285714285716
micro,87,0.3105891006237635,0.016666666666666666,0.20952380952380953
micro,88,0.3105733563843477,0.01684981684981685,0.20952380952380953
micro,89,0.3098968444618393,0.01684981684981685,0.2119047619047619
micro,90,0.30326225560501113,0.017582417582417582,0.2119047619047619
micro,91,0.3013151095267712,0.017582417582417582,0.21428571428571427
micro,92,0.29814273185202206,0.0184981684981685,0.21428571428571427
micro,93,0.2981219392114394,0.0184981684981685,0.21666666666666667
micro,94,0.29385901009380916,0.019413919413919414,0.21666666666666667
micro,95,0.29282360944648184,0.019413919413919414,0.21904761904761905
micro,96,0.29017099437672583,0.020146520146520148,0.21904761904761905
micro,97,0.28850980917542796,0.020146520146520148,0.22857142857142856
micro,98,0.2859824319690604,0.020512820512820513,0.22857142857142856
micro,99,0.2849578963398021,0.020512820512820513,0.23095238095238096
micro,100,0.284062061232998,0.020879120879120878,0.23095238095238096
micro,101,0.28153014311315666,0.020879120879120878,0.23809523809523808
micro,102,0.27697898316544484,0.02197802197802198,0.23809523809523808
micro,103,0.2750815617674742,0.02197802197802198,0.24285714285714285
micro,104,0.27330958256523835,0.022344322344322345,0.24285714285714285
micro,105,0.27318815007951625,0.022344322344322345,0.24523809523809523
micro,106,0.27287771235263825,0.022527472527472527,0.24523809523809523
micro,107,0.27203266806104426,0.022527472527472527,0.24761904761904763
micro,108,0.27056993624861597,0.022893772893772892,0.24761904761904763
micro,109,0.2670250325927719,0.022893772893772892,0.2571428571428571
micro,110,0.2652835629704582,0.023626373626373626,0.2571428571428571
micro,111,0.2644864222195038,0.023626373626373626,0.25952380952380955
micro,112,0.2638740413646145,0.023992673992673994,0.25952380952380955
micro,113,0.2605989030418753,0.023992673992673994,0.26666666666666666
micro,114,0.25598537685889006,0.02490842490842491,0.26666666666666666
micro,115,0.25483682791978823,0.02490842490842491,0.26904761904761904
micro,116,0.25206715653743744,0.025457875457875458,0.26904761904761904
micro,117,0.25187493038684783,0.025457875457875458,0.2714285714285714
micro,118,0.24840547536435253,0.02673992673992674,0.2714285714285714
micro,119,0.24807085724765665,0.02673992673992674,0.27380952380952384
micro,120,0.24749644171078253,0.026923076923076925,0.27380952380952384
micro,121,0.24481929015486273,0.026923076923076925,0.2761904761904762
micro,122,0.24472733921909687,0.027106227106227107,0.2761904761904762
micro,123,0.24429189307712582,0.027106227106227107,0.2785714285714286
micro,124,0.24411970219808768,0.02728937728937729,0.2785714285714286
micro,125,0.24236427218748208,0.02728937728937729,0.2833333333333333
micro,126,0.24127704157810906,0.027472527472527472,0.2833333333333333
micro,127,0.2393233870954695,0.027472527472527472,0.2904761904761905
micro,128,0.2359599890494829,0.02783882783882784,0.2904761904761905
micro,129,0.23451531921812355,0.02783882783882784,0.3
micro,130,0.23401618105287025,0.028388278388278388,0.3
micro,131,0.23337502238580382,0.028388278388278388,0.30714285714285716
micro,132,0.23326009328595404,0.02857142857142857,0.30714285714285716
micro,133,0.23300956708320442,0.02857142857142857,0.30952380952380953
micro,134,0.23140098628929623,0.029304029304029304,0.30952380952380953
micro,135,0.23115692697011914,0.029304029304029304,0.3119047619047619
micro,136,0.23082448533736788,0.029487179487179487,0.3119047619047619
micro,137,0.23078551789163046,0.029487179487179487,0.3142857142857143
micro,138,0.23033304782953123,0.02967032967032967,0.3142857142857143
micro,139,0.2300697845488224,0.02967032967032967,0.31666666666666665
micro,140,0.2287746829648276,0.03021978021978022,0.31666666666666665
micro,141,0.22853797803009135,0.03021978021978022,0.319047619047619
micro,142,0.228424744639811,0.030402930402930402,0.319047619047619
micro,143,0.22750644702577766,0.030402930402930402,0.3238095238095238
micro,144,0.2232575358671016,0.0315018315018315,0.3238095238095238
micro,145,0.22218820852776966,0.0315018315018315,0.3261904761904762
micro,146,0.2205759743562373,0.031868131868131866,0.3261904761904762
micro,147,0.2199604173710324,0.031868131868131866,0.32857142857142857
micro,148,0.21969340079321192,0.03205128205128205,0.32857142857142857
micro,149,0.21901337644391375,0.03205128205128205,0.33095238095238094
micro,150,0.21530537411460324,0.03424908424908425,0.33095238095238094
micro,151,0.2141214366858954,0.03424908424908425,0.3357142857142857
micro,152,0.21363351397054187,0.03461538461538462,0.3357142857142857
micro,153,0.21352074329521212,0.03461538461538462,0.3380952380952381
micro,154,0.21323267228159554,0.03498168498168498,0.3380952380952381
micro,155,0.2119798707128342,0.03498168498168498,0.3404761904761905
micro,156,0.21149214834077212,0.03534798534798535,0.3404761904761905
micro,157,0.21024747329206947,0.03534798534798535,0.35
micro,158,0.2092525689807298,0.03553113553113553,0.35
micro,159,0.2076857027089363,0.03553113553113553,0.3547619047619048
micro,160,0.2045922378555151,0.03663003663003663,0.3547619047619048
micro,161,0.20370368113134274,0.03663003663003663,0.35714285714285715
micro,162,0.1998315308127699,0.03827838827838828,0.35714285714285715
micro,163,0.19954583971080703,0.03827838827838828,0.36428571428571427
micro,164,0.19899960125274724,0.038461538461538464,0.36428571428571427
micro,165,0.19896757761304168,0.038461538461538464,0.36666666666666664
micro,166,0.1956650119485554,0.04084249084249084,0.36666666666666664
micro,167,0.1954079906286133,0.04084249084249084,0.36904761904761907
micro,168,0.19353216914998222,0.04157509157509157,0.36904761904761907
micro,169,0.19339641011854988,0.04157509157509157,0.37142857142857144
micro,170,0.18669458917565704,0.04450549450549451,0.37142857142857144
micro,171,0.1859218020916825,0.04450549450549451,0.37857142857142856
micro,172,0.18447779056784094,0.04633699633699634,0.37857142857142856
micro,173,0.1844040213087299,0.04633699633699634,0.38095238095238093
micro,174,0.17968017353067012,0.04871794871794872,0.38095238095238093
micro,175,0.17899677108961926,0.04871794871794872,0.38571428571428573
micro,176,0.17799384487559877,0.049267399267399266,0.38571428571428573
micro,177,0.17798353196803177,0.049267399267399266,0.3880952380952381
micro,178,0.17748888271713242,0.04945054945054945,0.3880952380952381
micro,179,0.1773631654611645,0.04945054945054945,0.3904761904761905
micro,180,0.17033184881118615,0.0521978021978022,0.3904761904761905
micro,181,0.17009375403127241,0.0521978021978022,0.39285714285714285
micro,182,0.16953324764733668,0.05274725274725275,0.39285714285714285
micro,183,0.16952664487117555,0.05274725274725275,0.3952380952380952
micro,184,0.1694985084861482,0.05293040293040293,0.3952380952380952
micro,185,0.16914086619229285,0.05293040293040293,0.3976190476190476
micro,186,0.16722675983046925,0.0543956043956044,0.3976190476190476
micro,187,0.16705247193122597,0.0543956043956044,0.4
micro,188,0.16596839580878486,0.054945054945054944,0.4
micro,189,0.16579749633192914,0.054945054945054944,0.4023809523809524
micro,190,0.1655374055769609,0.05512820512820513,0.4023809523809524
micro,191,0.16447441447402264,0.05512820512820513,0.40476190476190477
micro,192,0.1629285593037924,0.05567765567765568,0.40476190476190477
micro,193,0.16280139238690056,0.05567765567765568,0.40714285714285714
micro,194,0.1625047336756922,0.056043956043956046,0.40714285714285714
micro,195,0.16242047040825824,0.056043956043956046,0.4095238095238095
micro,196,0.16232025201540304,0.05622710622710623,0.4095238095238095
micro,197,0.161229335395918,0.05622710622710623,0.4142857142857143
micro,198,0.16000873800326976,0.056593406593406594,0.4142857142857143
micro,199,0.1598493964678194,0.056593406593406594,0.41904761904761906
micro,200,0.1596660572995427,0.05714285714285714,0.41904761904761906
micro,201,0.15952743665368443,0.05714285714285714,0.42142857142857143
micro,202,0.1594126175806085,0.057326007326007324,0.42142857142857143
micro,203,0.15930832381159926,0.057326007326007324,0.4238095238095238
micro,204,0.15902730725933695,0.057509157509157506,0.4238095238095238
micro,205,0.15856437718912253,0.057509157509157506,0.4261904761904762
micro,206,0.15807280908982724,0.05805860805860806,0.4261904761904762
micro,207,0.15786569343647414,0.05805860805860806,0.42857142857142855
micro,208,0.15727389299111252,0.05824175824175824,0.42857142857142855
micro,209,0.1570515273489787,0.05824175824175824,0.430952380952381
micro,210,0.15637669859005746,0.058424908424908426,0.430952380952381
micro,211,0.1562174135047172,0.058424908424908426,0.43333333333333335
micro,212,0.15615729384774968,0.05879120879120879,0.43333333333333335
micro,213,0.15592999485607137,0.05879120879120879,0.4357142857142857
micro,214,0.15592723394063562,0.05897435897435897,0.4357142857142857
micro,215,0.15548289262258844,0.05897435897435897,0.4380952380952381
micro,216,0.15478904812647196,0.05989010989010989,0.4380952380952381
micro,217,0.1547577286545172,0.05989010989010989,0.44047619047619047
micro,218,0.15281177143365382,0.06135531135531135,0.44047619047619047
micro,219,0.15277814869153608,0.06135531135531135,0.44285714285714284
micro,220,0.1524734027936018,0.06153846153846154,0.44285714285714284
micro,221,0.15241688445772344,0.06153846153846154,0.4452380952380952
micro,222,0.15180096463714207,0.06208791208791209,0.4452380952380952
micro,223,0.15156139726064322,0.06208791208791209,0.45
micro,224,0.15144106192881876,0.06227106227106227,0.45
micro,225,0.15061562284202526,0.06227106227106227,0.45476190476190476
micro,226,0.15017698295597445,0.063003663003663,0.45476190476190476
micro,227,0.14993685867609727,0.063003663003663,0.4595238095238095
micro,228,0.14955687282625377,0.06391941391941391,0.4595238095238095
micro,229,0.14950069859184184,0.06391941391941391,0.46190476190476193
micro,230,0.14917572902899542,0.06465201465201466,0.46190476190476193
micro,231,0.1489751585801742,0.06465201465201466,0.4642857142857143
micro,232,0.148819710984519,0.06501831501831502,0.4642857142857143
micro,233,0.14852255650739557,0.06501831501831502,0.4666666666666667
micro,234,0.14842249637386584,0.0652014652014652,0.4666666666666667
micro,235,0.14793451428024673,0.0652014652014652,0.46904761904761905
micro,236,0.14765019696122658,0.06538461538461539,0.46904761904761905
micro,237,0.14762835960071483,0.06538461538461539,0.4714285714285714
micro,238,0.1463098046771495,0.06684981684981685,0.4714285714285714
micro,239,0.14623472364473175,0.06684981684981685,0.4738095238095238
micro,240,0.14613183524656956,0.06703296703296703,0.4738095238095238
micro,241,0.14609648918385965,0.06703296703296703,0.47619047619047616
micro,242,0.14577247007397737,0.0673992673992674,0.47619047619047616
micro,243,0.14564070977152346,0.0673992673992674,0.4785714285714286
micro,244,0.14369055502664604,0.06978021978021978,0.4785714285714286
micro,245,0.14344134369529582,0.06978021978021978,0.48095238095238096
micro,246,0.14297229604271314,0.07032967032967033,0.48095238095238096
micro,247,0.14285058560734648,0.07032967032967033,0.48333333333333334
micro,248,0.142643904930174,0.07051282051282051,0.48333333333333334
micro,249,0.14234777325560286,0.07051282051282051,0.4857142857142857
micro,250,0.14123692284257228,0.07216117216117215,0.4857142857142857
micro,251,0.14119676008423876,0.07216117216117215,0.49047619047619045
micro,252,0.1410201310953809,0.07252747252747253,0.49047619047619045
micro,253,0.14076768421541075,0.07252747252747253,0.4928571428571429
micro,254,0.14020097740181023,0.07344322344322345,0.4928571428571429
micro,255,0.14007777163580312,0.07344322344322345,0.49523809523809526
micro,256,0.13830487830606705,0.07527472527472527,0.49523809523809526
micro,257,0.138287581093639,0.07527472527472527,0.4976190476190476
micro,258,0.137465870808146,0.0761904761904762,0.4976190476190476
micro,259,0.13709951634478593,0.0761904761904762,0.5
micro,260,0.13643969591953697,0.07728937728937729,0.5
micro,261,0.1363217489252129,0.07728937728937729,0.5023809523809524
micro,262,0.13559123692462163,0.07783882783882784,0.5023809523809524
micro,263,0.13552652299228404,0.07783882783882784,0.5047619047619047
micro,264,0.13438766016155565,0.07875457875457875,0.5047619047619047
micro,265,0.13432911678050452,0.07875457875457875,0.5071428571428571
micro,266,0.13262805162020735,0.08076923076923077,0.5071428571428571
micro,267,0.1325988657700881,0.08076923076923077,0.5095238095238095
micro,268,0.13234397940854858,0.08168498168498169,0.5095238095238095
micro,269,0.13219862435036125,0.08168498168498169,0.5119047619047619
micro,270,0.13075982273481832,0.08351648351648351,0.5119047619047619
micro,271,0.1307192993781208,0.08351648351648351,0.5142857142857142
micro,272,0.1300800304053622,0.08424908424908426,0.5142857142857142
micro,273,0.12987160944712606,0.08424908424908426,0.5214285714285715
micro,274,0.12923333386136965,0.08516483516483517,0.5214285714285715
micro,275,0.12911420161573514,0.08516483516483517,0.5238095238095238
micro,276,0.1290443727432927,0.08534798534798535,0.5238095238095238
micro,277,0.1290112856918002,0.08534798534798535,0.5261904761904762
micro,278,0.12788025865597058,0.08699633699633699,0.5261904761904762
micro,279,0.12782460500042112,0.08699633699633699,0.5285714285714286
micro,280,0.1255652991419026,0.08846153846153847,0.5285714285714286
micro,281,0.12507549898528694,0.08846153846153847,0.530952380952381
micro,282,0.12462997276397347,0.08901098901098901,0.530952380952381
micro,283,0.12461515663643036,0.08901098901098901,0.5333333333333333
micro,284,0.1245828318523156,0.0891941391941392,0.5333333333333333
micro,285,0.12456040666712442,0.0891941391941392,0.5357142857142857
micro,286,0.12449021656366598,0.08956043956043956,0.5357142857142857
micro,287,0.12442285344371544,0.08956043956043956,0.5380952380952381
micro,288,0.12349397563796943,0.09047619047619047,0.5380952380952381
micro,289,0.1233237127748525,0.09047619047619047,0.5404761904761904
micro,290,0.12152963089912526,0.09413919413919414,0.5404761904761904
micro,291,0.12146455139114387,0.09413919413919414,0.5428571428571428
micro,292,0.12106209111041234,0.09505494505494505,0.5428571428571428
micro,293,0.12103467731042018,0.09505494505494505,0.5452380952380952
micro,294,0.120815262380286,0.0956043956043956,0.5452380952380952
micro,295,0.12072263516010251,0.0956043956043956,0.5476190476190477
micro,296,0.11704122508125944,0.10036630036630037,0.5476190476190477
micro,297,0.1169043809307237,0.10036630036630037,0.55
micro,298,0.11674721849674712,0.10073260073260074,0.55
micro,299,0.11658046689493849,0.10073260073260074,0.5523809523809524
micro,300,0.11657933962491254,0.10091575091575092,0.5523809523809524
micro,301,0.11650449743612058,0.10091575091575092,0.5547619047619048
micro,302,0.11492079094407132,0.10329670329670329,0.5547619047619048
micro,303,0.1148641585204539,0.10329670329670329,0.5571428571428572
micro,304,0.11424837242747089,0.1043956043956044,0.5571428571428572
micro,305,0.11419868878842136,0.1043956043956044,0.5595238095238095
micro,306,0.11398187313027906,0.10512820512820513,0.5595238095238095
micro,307,0.11391047633559075,0.10512820512820513,0.5619047619047619
micro,308,0.11387034174992049,0.10531135531135531,0.5619047619047619
micro,309,0.11381075633718152,0.10531135531135531,0.5642857142857143
micro,310,0.11059956923978741,0.11062271062271062,0.5642857142857143
micro,311,0.11057124360692107,0.11062271062271062,0.5666666666666667
micro,312,0.10906608785334396,0.1141025641025641,0.5666666666666667
micro,313,0.1089251232056575,0.1141025641025641,0.569047619047619
micro,314,0.10876621566772038,0.11446886446886446,0.569047619047619
micro,315,0.10858195571968775,0.11446886446886446,0.5738095238095238
micro,316,0.10740671532790051,0.11703296703296703,0.5738095238095238
micro,317,0.10735840143348618,0.11703296703296703,0.5761904761904761
micro,318,0.10732158316287886,0.1173992673992674,0.5761904761904761
micro,319,0.10720251576749971,0.1173992673992674,0.5785714285714286
micro,320,0.10639757677599525,0.1184981684981685,0.5785714285714286
micro,321,0.10629283913735804,0.1184981684981685,0.580952380952381
micro,322,0.1062883159954431,0.11868131868131868,0.580952380952381
micro,323,0.10608052998279736,0.11868131868131868,0.5833333333333334
micro,324,0.1056033750137214,0.11978021978021978,0.5833333333333334
micro,325,0.10552710026286129,0.11978021978021978,0.5857142857142857
micro,326,0.10453735895820236,0.12161172161172161,0.5857142857142857
micro,327,0.10448838416081634,0.12161172161172161,0.5880952380952381
micro,328,0.10385915247051505,0.12289377289377289,0.5880952380952381
micro,329,0.10372828969597893,0.12289377289377289,0.5904761904761905
micro,330,0.1022748873787798,0.12472527472527473,0.5904761904761905
micro,331,0.10226865750661415,0.12472527472527473,0.5928571428571429
micro,332,0.10041776581062818,0.12930402930402932,0.5928571428571429
micro,333,0.10039727567679009,0.12930402930402932,0.5952380952380952
micro,334,0.10026549041244141,0.13003663003663005,0.5952380952380952
micro,335,0.1002078066152045,0.13003663003663005,0.5976190476190476
micro,336,0.10017245545882754,0.13021978021978023,0.5976190476190476
micro,337,0.10015886104949258,0.13021978021978023,0.6
micro,338,0.09942542818374937,0.13223443223443224,0.6
micro,339,0.09942384647429474,0.13223443223443224,0.6023809523809524
micro,340,0.09889499424185966,0.13315018315018315,0.6023809523809524
micro,341,0.09889244095540048,0.13315018315018315,0.6047619047619047
micro,342,0.0982404014100367,0.13553113553113552,0.6047619047619047
micro,343,0.09820002804161342,0.13553113553113552,0.6071428571428571
micro,344,0.09796368449391155,0.13608058608058607,0.6071428571428571
micro,345,0.09790175419980998,0.13608058608058607,0.6142857142857143
micro,346,0.09765461474071337,0.1371794871794872,0.6142857142857143
micro,347,0.09761311023391142,0.1371794871794872,0.6166666666666667
micro,348,0.09748991927086434,0.13772893772893774,0.6166666666666667
micro,349,0.0974282910642883,0.13772893772893774,0.6190476190476191
micro,350,0.09736930723268558,0.13791208791208792,0.6190476190476191
micro,351,0.09730780742149406,0.13791208791208792,0.6214285714285714
micro,352,0.09691473192975175,0.1391941391941392,0.6214285714285714
micro,353,0.09682003579040588,0.1391941391941392,0.6238095238095238
micro,354,0.09592922091391705,0.14194139194139194,0.6238095238095238
micro,355,0.09586443376243917,0.14194139194139194,0.6261904761904762
micro,356,0.09580097402373543,0.14212454212454212,0.6261904761904762
micro,357,0.09579319328970526,0.14212454212454212,0.6285714285714286
micro,358,0.09421726448452848,0.14560439560439561,0.6285714285714286
micro,359,0.09411819760999161,0.14560439560439561,0.6309523809523809
micro,360,0.09408314562700265,0.1457875457875458,0.6309523809523809
micro,361,0.09399268126128718,0.1457875457875458,0.6357142857142857
micro,362,0.09338802297263553,0.14743589743589744,0.6357142857142857
micro,363,0.09330250532010834,0.14743589743589744,0.638095238095238
micro,364,0.09326494183985706,0.147985347985348,0.638095238095238
micro,365,0.09322587645228242,0.147985347985348,0.6404761904761904
micro,366,0.09256868194203752,0.15073260073260072,0.6404761904761904
micro,367,0.09243138678206335,0.15073260073260072,0.6428571428571429
micro,368,0.09210235134947335,0.152014652014652,0.6428571428571429
micro,369,0.09209701572599244,0.152014652014652,0.6452380952380953
micro,370,0.09201751031835896,0.15219780219780218,0.6452380952380953
micro,371,0.09201473796359216,0.15219780219780218,0.6476190476190476
micro,372,0.09053650927997804,0.15604395604395604,0.6476190476190476
micro,373,0.09024541044775478,0.15604395604395604,0.65
micro,374,0.0898444187542153,0.15824175824175823,0.65
micro,375,0.08977384240383016,0.15824175824175823,0.6523809523809524
micro,376,0.08948095816809862,0.1586080586080586,0.6523809523809524
micro,377,0.08946486088627381,0.1586080586080586,0.6547619047619048
micro,378,0.08904287309884079,0.16062271062271063,0.6547619047619048
micro,379,0.08899159510282077,0.16062271062271063,0.6571428571428571
micro,380,0.08757202686200938,0.16575091575091574,0.6571428571428571
micro,381,0.08754698764457106,0.16575091575091574,0.6595238095238095
micro,382,0.08744361768852492,0.16666666666666666,0.6595238095238095
micro,383,0.08736636332896007,0.16666666666666666,0.6619047619047619
micro,384,0.08505970796306149,0.17783882783882785,0.6619047619047619
micro,385,0.08500608635663556,0.17783882783882785,0.6642857142857143
micro,386,0.08447778356780256,0.1793040293040293,0.6642857142857143
micro,387,0.08438286031305507,0.1793040293040293,0.6666666666666666
micro,388,0.08379207159432124,0.18205128205128204,0.6666666666666666
micro,389,0.08378714949370514,0.18205128205128204,0.669047619047619
micro,390,0.08280480267559191,0.1858974358974359,0.669047619047619
micro,391,0.0827537609515589,0.1858974358974359,0.6714285714285714
micro,392,0.08229364851393149,0.18717948717948718,0.6714285714285714
micro,393,0.08219704900767502,0.18717948717948718,0.6761904761904762
micro,394,0.08214795297137627,0.18772893772893773,0.6761904761904762
micro,395,0.08208491906714267,0.18772893772893773,0.6785714285714286
micro,396,0.0813927932451068,0.19084249084249083,0.6785714285714286
micro,397,0.08132941091425082,0.19084249084249083,0.680952380952381
micro,398,0.07999621264811958,0.19505494505494506,0.680952380952381
micro,399,0.07996447794174705,0.19505494505494506,0.6833333333333333
micro,400,0.07733290793262672,0.210989010989011,0.6833333333333333
micro,401,0.07729842804348594,0.210989010989011,0.6880952380952381
micro,402,0.0759816602100908,0.21794871794871795,0.6880952380952381
micro,403,0.07594158272519154,0.21794871794871795,0.6904761904761905
micro,404,0.07459730712337993,0.22362637362637364,0.6904761904761905
micro,405,0.07453598140218622,0.22362637362637364,0.6928571428571428
micro,406,0.07449631286621193,0.22380952380952382,0.6928571428571428
micro,407,0.07443738585313524,0.22380952380952382,0.6952380952380952
micro,408,0.07433038622786936,0.22417582417582418,0.6952380952380952
micro,409,0.07429156404578513,0.22417582417582418,0.6976190476190476
micro,410,0.07412981070234076,0.22527472527472528,0.6976190476190476
micro,411,0.07410726553316446,0.22527472527472528,0.7
micro,412,0.07405587533806025,0.2261904761904762,0.7
micro,413,0.07404167895364118,0.2261904761904762,0.7023809523809523
micro,414,0.07372781340127199,0.22857142857142856,0.7023809523809523
micro,415,0.0736098750743899,0.22857142857142856,0.7047619047619048
micro,416,0.07310483162354708,0.2315018315018315,0.7047619047619048
micro,417,0.07305897221086806,0.2315018315018315,0.7071428571428572
micro,418,0.07288086399198641,0.2327838827838828,0.7071428571428572
micro,419,0.07279885424243848,0.2327838827838828,0.7119047619047619
micro,420,0.07254098067188441,0.23424908424908425,0.7119047619047619
micro,421,0.07252936038084082,0.23424908424908425,0.7142857142857143
micro,422,0.07076438899132402,0.24377289377289377,0.7142857142857143
micro,423,0.07075157833141225,0.24377289377289377,0.7166666666666667
micro,424,0.07057742540854517,0.24523809523809523,0.7166666666666667
micro,425,0.07049942227862167,0.24523809523809523,0.719047619047619
micro,426,0.07037718884294028,0.24633699633699635,0.719047619047619
micro,427,0.07036723502102867,0.24633699633699635,0.7214285714285714
micro,428,0.07001925388913821,0.2478021978021978,0.7214285714285714
micro,429,0.0699802366126113,0.2478021978021978,0.7238095238095238
micro,430,0.06959919731482443,0.24963369963369964,0.7238095238095238
micro,431,0.06956031922857903,0.24963369963369964,0.7261904761904762
micro,432,0.06809130051728558,0.2580586080586081,0.7261904761904762
micro,433,0.06807155317938754,0.2580586080586081,0.7285714285714285
micro,434,0.06787458619477522,0.258974358974359,0.7285714285714285
micro,435,0.06783680600892249,0.258974358974359,0.7309523809523809
micro,436,0.06754048766060765,0.26172161172161174,0.7309523809523809
micro,437,0.067528328739677,0.26172161172161174,0.7333333333333333
micro,438,0.0672052077722425,0.26282051282051283,0.7333333333333333
micro,439,0.06720189180171555,0.26282051282051283,0.7357142857142858
micro,440,0.06716394579920472,0.2631868131868132,0.7357142857142858
micro,441,0.06715278691305694,0.2631868131868132,0.7380952380952381
micro,442,0.06639499413723425,0.26684981684981685,0.7380952380952381
micro,443,0.06638762634273161,0.26684981684981685,0.7404761904761905
micro,444,0.06572460105497123,0.2714285714285714,0.7404761904761905
micro,445,0.06572457757380737,0.2714285714285714,0.7428571428571429
micro,446,0.06498572201230716,0.2752747252747253,0.7428571428571429
micro,447,0.06495023018649158,0.2752747252747253,0.7452380952380953
micro,448,0.06485131168219255,0.2765567765567766,0.7452380952380953
micro,449,0.0648467485654547,0.2765567765567766,0.7476190476190476
micro,450,0.06468401921286662,0.27783882783882785,0.7476190476190476
micro,451,0.06466176846013653,0.27783882783882785,0.7523809523809524
micro,452,0.06459830673915957,0.27875457875457876,0.7523809523809524
micro,453,0.06456643924751432,0.27875457875457876,0.7547619047619047
micro,454,0.06425893393114299,0.2805860805860806,0.7547619047619047
micro,455,0.06423874453382164,0.2805860805860806,0.7571428571428571
micro,456,0.06362547844327653,0.2835164835164835,0.7571428571428571
micro,457,0.06362329441591372,0.2835164835164835,0.7595238095238095
micro,458,0.06358525804639374,0.28424908424908424,0.7595238095238095
micro,459,0.06355043558577174,0.28424908424908424,0.7619047619047619
micro,460,0.06318750278255388,0.28717948717948716,0.7619047619047619
micro,461,0.0631494777184714,0.28717948717948716,0.7642857142857142
micro,462,0.0630307418426538,0.2886446886446886,0.7642857142857142
micro,463,0.06302883934267729,0.2886446886446886,0.7666666666666667
micro,464,0.06302829715706189,0.2888278388278388,0.7666666666666667
micro,465,0.063024382494231,0.2888278388278388,0.7690476190476191
micro,466,0.0617719334746636,0.2965201465201465,0.7690476190476191
micro,467,0.06175768928456286,0.2965201465201465,0.7714285714285715
micro,468,0.06140331357944358,0.2978021978021978,0.7714285714285715
micro,469,0.06138715310194513,0.2978021978021978,0.7738095238095238
micro,470,0.060468457879208716,0.3038461538461538,0.7738095238095238
micro,471,0.06040824479634215,0.3038461538461538,0.7761904761904762
micro,472,0.05926251697323312,0.31025641025641026,0.7761904761904762
micro,473,0.05925844009813555,0.31025641025641026,0.7785714285714286
micro,474,0.057736032597054586,0.31978021978021975,0.7785714285714286
micro,475,0.05772653630979807,0.31978021978021975,0.780952380952381
micro,476,0.05628912051024166,0.3302197802197802,0.780952380952381
micro,477,0.05628063465549513,0.3302197802197802,0.7833333333333333
micro,478,0.05530559124987407,0.33754578754578757,0.7833333333333333
micro,479,0.05529638764367433,0.33754578754578757,0.7857142857142857
micro,480,0.055290387320881186,0.33791208791208793,0.7857142857142857
micro,481,0.055271600122574614,0.33791208791208793,0.7880952380952381
micro,482,0.05512268598904772,0.33974358974358976,0.7880952380952381
micro,483,0.05511628947765196,0.33974358974358976,0.7904761904761904
micro,484,0.05506310957021999,0.3402930402930403,0.7904761904761904
micro,485,0.0550616520737096,0.3402930402930403,0.7928571428571428
micro,486,0.054905579129826326,0.3423076923076923,0.7928571428571428
micro,487,0.054895919495941185,0.3423076923076923,0.7952380952380952
micro,488,0.054411803855910844,0.34505494505494505,0.7952380952380952
micro,489,0.054404936812286746,0.34505494505494505,0.7976190476190477
micro,490,0.054052782166156076,0.34725274725274724,0.7976190476190477
micro,491,0.05404590224820753,0.34725274725274724,0.8
micro,492,0.053892778478092124,0.34816849816849815,0.8
micro,493,0.05382014118037464,0.34816849816849815,0.8023809523809524
micro,494,0.05307563659008586,0.35494505494505496,0.8023809523809524
micro,495,0.05301625721325634,0.35494505494505496,0.8047619047619048
micro,496,0.052385383704793495,0.36007326007326007,0.8047619047619048
micro,497,0.05238159788713933,0.36007326007326007,0.8071428571428572
micro,498,0.05209116323762862,0.36245421245421244,0.8071428571428572
micro,499,0.05208318708261361,0.36245421245421244,0.8095238095238095
micro,500,0.05103543732215806,0.37124542124542126,0.8095238095238095
micro,501,0.050983263768264925,0.37124542124542126,0.8119047619047619
micro,502,0.05038667746874948,0.3783882783882784,0.8119047619047619
micro,503,0.050386371794323564,0.3783882783882784,0.8142857142857143
micro,504,0.04958450897646971,0.3862637362637363,0.8142857142857143
micro,505,0.04957514961454783,0.3862637362637363,0.8166666666666667
micro,506,0.04943100377990191,0.38754578754578756,0.8166666666666667
micro,507,0.04942310189421823,0.38754578754578756,0.819047619047619
micro,508,0.04923261747956015,0.3902930402930403,0.819047619047619
micro,509,0.049208133228964175,0.3902930402930403,0.8214285714285714
micro,510,0.04896646004696088,0.39267399267399267,0.8214285714285714
micro,511,0.04896325134351918,0.39267399267399267,0.8238095238095238
micro,512,0.04844270542197114,0.3990842490842491,0.8238095238095238
micro,513,0.048435174371066904,0.3990842490842491,0.8261904761904761
micro,514,0.047958976116984374,0.4031135531135531,0.8261904761904761
micro,515,0.04794126476903967,0.4031135531135531,0.8285714285714286
micro,516,0.04778505983670586,0.4043956043956044,0.8285714285714286
micro,517,0.047781650719900176,0.4043956043956044,0.830952380952381
micro,518,0.047610215289620283,0.40604395604395604,0.830952380952381
micro,519,0.04756679341529307,0.40604395604395604,0.8333333333333334
micro,520,0.04688024168501093,0.41318681318681316,0.8333333333333334
micro,521,0.0468434735949484,0.41318681318681316,0.8357142857142857
micro,522,0.046675595551152624,0.4146520146520147,0.8357142857142857
micro,523,0.046665687219629104,0.4146520146520147,0.8380952380952381
micro,524,0.04619385219879856,0.421978021978022,0.8380952380952381
micro,525,0.046176349250086623,0.421978021978022,0.8404761904761905
micro,526,0.0461113493292381,0.4227106227106227,0.8404761904761905
micro,527,0.0461034497720026,0.4227106227106227,0.8428571428571429
micro,528,0.04587473922531278,0.4250915750915751,0.8428571428571429
micro,529,0.045870452578037395,0.4250915750915751,0.8452380952380952
micro,530,0.04543966521735674,0.43040293040293043,0.8452380952380952
micro,531,0.04542535368551634,0.43040293040293043,0.8476190476190476
micro,532,0.04479860280343629,0.43626373626373627,0.8476190476190476
micro,533,0.044794441150303524,0.43626373626373627,0.85
micro,534,0.04450363850740007,0.43772893772893773,0.85
micro,535,0.044502722374266036,0.43772893772893773,0.8523809523809524
micro,536,0.04401800922715181,0.4424908424908425,0.8523809523809524
micro,537,0.043994791176877525,0.4424908424908425,0.8547619047619047
micro,538,0.043796458488310444,0.44487179487179485,0.8547619047619047
micro,539,0.0437685399170225,0.44487179487179485,0.8571428571428571
micro,540,0.04324036918283426,0.45164835164835165,0.8571428571428571
micro,541,0.04323206123868793,0.45164835164835165,0.8595238095238096
micro,542,0.04280713168590744,0.4562271062271062,0.8595238095238096
micro,543,0.04276711287693771,0.4562271062271062,0.861904761904762
micro,544,0.041993421367518276,0.4652014652014652,0.861904761904762
micro,545,0.04196146273925513,0.4652014652014652,0.8642857142857143
micro,546,0.041129855054989256,0.47509157509157507,0.8642857142857143
micro,547,0.04111806991228661,0.47509157509157507,0.8666666666666667
micro,548,0.04093127044111822,0.47783882783882786,0.8666666666666667
micro,549,0.04093085314865869,0.47783882783882786,0.8690476190476191
micro,550,0.040460356659752485,0.48223443223443224,0.8690476190476191
micro,551,0.04045937911944178,0.48223443223443224,0.8714285714285714
micro,552,0.038620703671748496,0.5023809523809524,0.8714285714285714
micro,553,0.0386001592320031,0.5023809523809524,0.8738095238095238
micro,554,0.03821026830534952,0.5071428571428571,0.8738095238095238
micro,555,0.03820084764289549,0.5071428571428571,0.8761904761904762
micro,556,0.037592848293329144,0.5137362637362637,0.8761904761904762
micro,557,0.037588966342869054,0.5137362637362637,0.8785714285714286
micro,558,0.03752108115115694,0.515018315018315,0.8785714285714286
micro,559,0.03751939424295119,0.515018315018315,0.8809523809523809
micro,560,0.03398391893256416,0.5604395604395604,0.8809523809523809
micro,561,0.03396918819185132,0.5604395604395604,0.8833333333333333
micro,562,0.03361749487157736,0.5641025641025641,0.8833333333333333
micro,563,0.0336103158111723,0.5641025641025641,0.8857142857142857
micro,564,0.03261239454306849,0.5767399267399267,0.8857142857142857
micro,565,0.032574772334417273,0.5767399267399267,0.888095238095238
micro,566,0.031832635219482396,0.584981684981685,0.888095238095238
micro,567,0.03182777940669943,0.584981684981685,0.8904761904761904
micro,568,0.03014610059154596,0.6069597069597069,0.8904761904761904
micro,569,0.030139423974770374,0.6069597069597069,0.8928571428571429
micro,570,0.030052973187535827,0.608058608058608,0.8928571428571429
micro,571,0.030019996352185236,0.608058608058608,0.8952380952380953
micro,572,0.029814363103885428,0.6100732600732601,0.8952380952380953
micro,573,0.029803613796293173,0.6100732600732601,0.8976190476190476
micro,574,0.02943621077270365,0.6153846153846154,0.8976190476190476
micro,575,0.029433023554478455,0.6153846153846154,0.9
micro,576,0.029413402606019778,0.6157509157509158,0.9
micro,577,0.029398193200427438,0.6157509157509158,0.9023809523809524
micro,578,0.029221110427130454,0.6177655677655678,0.9023809523809524
micro,579,0.02920109035755734,0.6177655677655678,0.9071428571428571
micro,580,0.02873832720198557,0.6241758241758242,0.9071428571428571
micro,581,0.028728996009220402,0.6241758241758242,0.9095238095238095
micro,582,0.02854646070178614,0.6263736263736264,0.9095238095238095
micro,583,0.028541443179767794,0.6263736263736264,0.9119047619047619
micro,584,0.027170442744187083,0.6443223443223444,0.9119047619047619
micro,585,0.02714876064276826,0.6443223443223444,0.9142857142857143
micro,586,0.02616396601173517,0.6591575091575091,0.9142857142857143
micro,587,0.02616151833713899,0.6591575091575091,0.9166666666666666
micro,588,0.025386207609050946,0.6697802197802197,0.9166666666666666
micro,589,0.025371764998400468,0.6697802197802197,0.919047619047619
micro,590,0.02494670906369859,0.6745421245421246,0.919047619047619
micro,591,0.024943656455951466,0.6745421245421246,0.9214285714285714
micro,592,0.02436828474755839,0.6831501831501832,0.9214285714285714
micro,593,0.024365924568616276,0.6831501831501832,0.9238095238095239
micro,594,0.024053200757350214,0.689010989010989,0.9238095238095239
micro,595,0.024036890893308103,0.689010989010989,0.9261904761904762
micro,596,0.023177204732176306,0.7023809523809523,0.9261904761904762
micro,597,0.023176347008058477,0.7023809523809523,0.9285714285714286
micro,598,0.02306200488710081,0.7040293040293041,0.9285714285714286
micro,599,0.023011432826251055,0.7040293040293041,0.930952380952381
micro,600,0.022765879021856297,0.7073260073260074,0.930952380952381
micro,601,0.0227623500226146,0.7073260073260074,0.9333333333333333
micro,602,0.022505907179415783,0.710989010989011,0.9333333333333333
micro,603,0.022498696190363092,0.710989010989011,0.9357142857142857
micro,604,0.02242235613551135,0.7128205128205128,0.9357142857142857
micro,605,0.022422090983808547,0.7128205128205128,0.9380952380952381
micro,606,0.02110429345235991,0.7307692307692307,0.9380952380952381
micro,607,0.02110278611843781,0.7307692307692307,0.9404761904761905
micro,608,0.0204230850267237,0.7413919413919414,0.9404761904761905
micro,609,0.020407797217237438,0.7413919413919414,0.9428571428571428
micro,610,0.01991381887993633,0.747985347985348,0.9428571428571428
micro,611,0.019894940054279824,0.747985347985348,0.9452380952380952
micro,612,0.019687974093350828,0.7509157509157509,0.9452380952380952
micro,613,0.019682351233331518,0.7509157509157509,0.9476190476190476
micro,614,0.018791734963196863,0.7639194139194139,0.9476190476190476
micro,615,0.018787450133946355,0.7639194139194139,0.95
micro,616,0.01825397165807046,0.7730769230769231,0.95
micro,617,0.018230222728226705,0.7730769230769231,0.9523809523809523
micro,618,0.017855344399115104,0.7791208791208791,0.9523809523809523
micro,619,0.017840664797875862,0.7791208791208791,0.9547619047619048
micro,620,0.017019602653743793,0.7913919413919414,0.9547619047619048
micro,621,0.017017754957736858,0.7913919413919414,0.9571428571428572
micro,622,0.016537324022702405,0.7987179487179488,0.9571428571428572
micro,623,0.016525521195915955,0.7987179487179488,0.9595238095238096
micro,624,0.014807463664036643,0.827106227106227,0.9595238095238096
micro,625,0.01480414165716744,0.827106227106227,0.9619047619047619
micro,626,0.014795950714146104,0.8274725274725274,0.9619047619047619
micro,627,0.014793921065529304,0.8274725274725274,0.9642857142857143
micro,628,0.013947638534658904,0.8373626373626374,0.9642857142857143
micro,629,0.013932475214200758,0.8373626373626374,0.9666666666666667
micro,630,0.01367251258968124,0.8413919413919414,0.9666666666666667
micro,631,0.013660218063170214,0.8413919413919414,0.969047619047619
micro,632,0.013327040543580245,0.845054945054945,0.969047619047619
micro,633,0.013326391216838524,0.845054945054945,0.9714285714285714
micro,634,0.013310180804209907,0.8456043956043956,0.9714285714285714
micro,635,0.013288666021909147,0.8456043956043956,0.9738095238095238
micro,636,0.012626321832339176,0.8556776556776556,0.9738095238095238
micro,637,0.01262574008655104,0.8556776556776556,0.9761904761904762
micro,638,0.010941956394149542,0.8838827838827839,0.9761904761904762
micro,639,0.010927112838432316,0.8838827838827839,0.9785714285714285
micro,640,0.0105707208360422,0.8897435897435897,0.9785714285714285
micro,641,0.010569475126227607,0.8897435897435897,0.9809523809523809
micro,642,0.008389061362858321,0.919047619047619,0.9809523809523809
micro,643,0.008385138053444537,0.919047619047619,0.9833333333333333
micro,644,0.00794754779740403,0.9252747252747253,0.9833333333333333
micro,645,0.007938193885269524,0.9252747252747253,0.9857142857142858
micro,646,0.007751695836868283,0.928937728937729,0.9857142857142858
micro,647,0.00774555430860669,0.928937728937729,0.9880952380952381
micro,648,0.007397334618741269,0.9336996336996337,0.9880952380952381
micro,649,0.007385582152176078,0.9336996336996337,0.9904761904761905
micro,650,0.007188324631010961,0.9357142857142857,0.9904761904761905
micro,651,0.0071807838626149825,0.9357142857142857,0.9928571428571429
micro,652,0.0048182877615860695,0.9642857142857143,0.9928571428571429
micro,653,0.0048028159129451095,0.9642857142857143,0.9952380952380953
micro,654,0.00042310538347394743,0.997985347985348,0.9952380952380953
micro,655,0.00041348696391109945,0.997985347985348,0.9976190476190476
micro,656,0.00016574154307980155,0.9992673992673993,0.9976190476190476
micro,657,0.00014724685915901568,0.9992673992673993,1.0
micro,658,1.2682723266827184e-05,1.0,1.0
SW_Neo,0,inf,0.0,0.0
SW_Neo,1,0.9748296965030061,0.001282051282051282,0.0
SW_Neo,2,0.6627236458689247,0.005128205128205128,0.0
SW_Neo,3,0.6309512085684599,0.005128205128205128,0.016666666666666666
SW_Neo,4,0.630819148842703,0.00641025641025641,0.016666666666666666
SW_Neo,5,0.516822594284256,0.00641025641025641,0.08333333333333333
SW_Neo,6,0.4671732598884721,0.010256410256410256,0.08333333333333333
SW_Neo,7,0.427367679945881,0.010256410256410256,0.13333333333333333
SW_Neo,8,0.40706455998553104,0.015384615384615385,0.13333333333333333
SW_Neo,9,0.3928383185912763,0.015384615384615385,0.15
SW_Neo,10,0.38250382848303266,0.016666666666666666,0.15
SW_Neo,11,0.3778548308828369,0.016666666666666666,0.16666666666666666
SW_Neo,12,0.33789315960693006,0.017948717948717947,0.16666666666666666
SW_Neo,13,0.318421655624536,0.017948717948717947,0.2
SW_Neo,14,0.3172652928261111,0.020512820512820513,0.2
SW_Neo,15,0.3105891006237635,0.020512820512820513,0.21666666666666667
SW_Neo,16,0.2958785354756202,0.023076923076923078,0.21666666666666667
SW_Neo,17,0.2750815617674742,0.023076923076923078,0.25
SW_Neo,18,0.27330958256523835,0.02435897435897436,0.25
SW_Neo,19,0.27318815007951625,0.02435897435897436,0.26666666666666666
SW_Neo,20,0.27287771235263825,0.02564102564102564,0.26666666666666666
SW_Neo,21,0.26710823257235655,0.02564102564102564,0.3
SW_Neo,22,0.2642480562395562,0.028205128205128206,0.3
SW_Neo,23,0.2605989030418753,0.028205128205128206,0.3333333333333333
SW_Neo,24,0.24967706545768334,0.03076923076923077,0.3333333333333333
SW_Neo,25,0.24807085724765665,0.03076923076923077,0.35
SW_Neo,26,0.2287746829648276,0.03461538461538462,0.35
SW_Neo,27,0.21901337644391375,0.03461538461538462,0.38333333333333336
SW_Neo,28,0.21693140167321484,0.03974358974358974,0.38333333333333336
SW_Neo,29,0.21088123189225327,0.03974358974358974,0.4
SW_Neo,30,0.17706298962169637,0.052564102564102565,0.4
SW_Neo,31,0.16952664487117555,0.052564102564102565,0.4166666666666667
SW_Neo,32,0.16722675983046925,0.05512820512820513,0.4166666666666667
SW_Neo,33,0.1598493964678194,0.05512820512820513,0.43333333333333335
SW_Neo,34,0.15337273207314375,0.057692307692307696,0.43333333333333335
SW_Neo,35,0.15061562284202526,0.057692307692307696,0.45
SW_Neo,36,0.1463098046771495,0.06153846153846154,0.45
SW_Neo,37,0.14609648918385965,0.06153846153846154,0.4666666666666667
SW_Neo,38,0.14181286927058126,0.06538461538461539,0.4666666666666667
SW_Neo,39,0.14121193153524564,0.06538461538461539,0.48333333333333334
SW_Neo,40,0.13693393137806908,0.07051282051282051,0.48333333333333334
SW_Neo,41,0.13552652299228404,0.07051282051282051,0.5
SW_Neo,42,0.1342189239861202,0.07179487179487179,0.5
SW_Neo,43,0.13001230850426748,0.07179487179487179,0.5166666666666667
SW_Neo,44,0.12153583582797212,0.08205128205128205,0.5166666666666667
SW_Neo,45,0.12103467731042018,0.08205128205128205,0.5333333333333333
SW_Neo,46,0.11495388512262965,0.09358974358974359,0.5333333333333333
SW_Neo,47,0.11419868878842136,0.09358974358974359,0.55
SW_Neo,48,0.10816480708572734,0.10128205128205128,0.55
SW_Neo,49,0.10735840143348618,0.10128205128205128,0.5666666666666667
SW_Neo,50,0.10699195111310633,0.10256410256410256,0.5666666666666667
SW_Neo,51,0.10448838416081634,0.10256410256410256,0.6
SW_Neo,52,0.10436778439693005,0.10384615384615385,0.6
SW_Neo,53,0.10372828969597893,0.10384615384615385,0.6166666666666667
SW_Neo,54,0.09962627138767084,0.11282051282051282,0.6166666666666667
SW_Neo,55,0.09942384647429474,0.11282051282051282,0.6333333333333333
SW_Neo,56,0.09829198783572939,0.11794871794871795,0.6333333333333333
SW_Neo,57,0.09791936634971288,0.11794871794871795,0.65
SW_Neo,58,0.08986523348818798,0.14743589743589744,0.65
SW_Neo,59,0.08977384240383016,0.14743589743589744,0.6666666666666666
SW_Neo,60,0.08933504023939075,0.14871794871794872,0.6666666666666666
SW_Neo,61,0.08899159510282077,0.14871794871794872,0.6833333333333333
SW_Neo,62,0.08029830335026354,0.17692307692307693,0.6833333333333333
SW_Neo,63,0.07996447794174705,0.17692307692307693,0.7
SW_Neo,64,0.07735995438320149,0.19487179487179487,0.7
SW_Neo,65,0.07731024855071256,0.19487179487179487,0.7166666666666667
SW_Neo,66,0.0740648147912639,0.2076923076923077,0.7166666666666667
SW_Neo,67,0.0736098750743899,0.2076923076923077,0.7333333333333333
SW_Neo,68,0.07297382957142204,0.2141025641025641,0.7333333333333333
SW_Neo,69,0.07279885424243848,0.2141025641025641,0.75
SW_Neo,70,0.07013988173122052,0.22948717948717948,0.75
SW_Neo,71,0.0699802366126113,0.22948717948717948,0.7666666666666667
SW_Neo,72,0.0617719334746636,0.2782051282051282,0.7666666666666667
SW_Neo,73,0.06175768928456286,0.2782051282051282,0.7833333333333333
SW_Neo,74,0.055096822126338506,0.3230769230769231,0.7833333333333333
SW_Neo,75,0.054895919495941185,0.3230769230769231,0.8
SW_Neo,76,0.04678095368984082,0.38974358974358975,0.8
SW_Neo,77,0.046665687219629104,0.38974358974358975,0.8166666666666667
SW_Neo,78,0.04407091711753343,0.42435897435897435,0.8166666666666667
SW_Neo,79,0.043994791176877525,0.42435897435897435,0.8333333333333334
SW_Neo,80,0.037566948808853126,0.5064102564102564,0.8333333333333334
SW_Neo,81,0.03751939424295119,0.5064102564102564,0.85
SW_Neo,82,0.027251003180474534,0.6282051282051282,0.85
SW_Neo,83,0.02714876064276826,0.6282051282051282,0.8666666666666667
SW_Neo,84,0.02494670906369859,0.6602564102564102,0.8666666666666667
SW_Neo,85,0.024943656455951466,0.6602564102564102,0.8833333333333333
SW_Neo,86,0.01842890736866221,0.7730769230769231,0.8833333333333333
SW_Neo,87,0.018230222728226705,0.7730769230769231,0.9
SW_Neo,88,0.017912039903933804,0.7782051282051282,0.9
SW_Neo,89,0.017840664797875862,0.7782051282051282,0.9166666666666666
SW_Neo,90,0.01705595336095837,0.7961538461538461,0.9166666666666666
SW_Neo,91,0.017017754957736858,0.7961538461538461,0.9333333333333333
SW_Neo,92,0.01266447997322555,0.8666666666666667,0.9333333333333333
SW_Neo,93,0.01262574008655104,0.8666666666666667,0.95
SW_Neo,94,0.007915347805267396,0.9346153846153846,0.95
SW_Neo,95,0.00774555430860669,0.9346153846153846,0.9666666666666667
SW_Neo,96,0.007311021670367656,0.9371794871794872,0.9666666666666667
SW_Neo,97,0.0071807838626149825,0.9371794871794872,0.9833333333333333
SW_Neo,98,0.004928978855364103,0.9615384615384616,0.9833333333333333
SW_Neo,99,0.0048028159129451095,0.9615384615384616,1.0
SW_Neo,100,0.0003588392574705818,1.0,1.0
SW_Luna,0,inf,0.0,0.0
SW_Luna,1,0.55735095346096,0.001282051282051282,0.0
SW_Luna,2,0.33576075831751145,0.014102564102564103,0.0
SW_Luna,3,0.32032898337209637,0.014102564102564103,0.016666666666666666
SW_Luna,4,0.31291064395449236,0.015384615384615385,0.016666666666666666
SW_Luna,5,0.3098968444618393,0.015384615384615385,0.03333333333333333
SW_Luna,6,0.2653361743477229,0.021794871794871794,0.03333333333333333
SW_Luna,7,0.260777915588675,0.021794871794871794,0.05
SW_Luna,8,0.24749644171078253,0.02435897435897436,0.05
SW_Luna,9,0.22750644702577766,0.02435897435897436,0.08333333333333333
SW_Luna,10,0.1998315308127699,0.03205128205128205,0.08333333333333333
SW_Luna,11,0.19979569262482075,0.03205128205128205,0.1
SW_Luna,12,0.18675418186584972,0.041025641025641026,0.1
SW_Luna,13,0.18649912175660804,0.041025641025641026,0.13333333333333333
SW_Luna,14,0.183792008874473,0.04487179487179487,0.13333333333333333
SW_Luna,15,0.1773631654611645,0.04487179487179487,0.16666666666666666
SW_Luna,16,0.16724415484759708,0.052564102564102565,0.16666666666666666
SW_Luna,17,0.16226830726807062,0.052564102564102565,0.2
SW_Luna,18,0.16000873800326976,0.05384615384615385,0.2
SW_Luna,19,0.15856437718912253,0.05384615384615385,0.21666666666666667
SW_Luna,20,0.15238970594762832,0.06025641025641026,0.21666666666666667
SW_Luna,21,0.15168580526781572,0.06025641025641026,0.23333333333333334
SW_Luna,22,0.14663148200009776,0.06794871794871794,0.23333333333333334
SW_Luna,23,0.14564070977152346,0.06794871794871794,0.25
SW_Luna,24,0.1431029120281641,0.07307692307692308,0.25
SW_Luna,25,0.14285058560734648,0.07307692307692308,0.26666666666666666
SW_Luna,26,0.1410201310953809,0.07692307692307693,0.26666666666666666
SW_Luna,27,0.14007777163580312,0.07692307692307693,0.2833333333333333
SW_Luna,28,0.13979608687922668,0.0782051282051282,0.2833333333333333
SW_Luna,29,0.138287581093639,0.0782051282051282,0.3
SW_Luna,30,0.13234397940854858,0.08461538461538462,0.3
SW_Luna,31,0.13219862435036125,0.08461538461538462,0.31666666666666665
SW_Luna,32,0.13099396644691522,0.0858974358974359,0.31666666666666665
SW_Luna,33,0.12911420161573514,0.0858974358974359,0.35
SW_Luna,34,0.1290443727432927,0.08717948717948718,0.35
SW_Luna,35,0.1290112856918002,0.08717948717948718,0.36666666666666664
SW_Luna,36,0.12463296331924577,0.09230769230769231,0.36666666666666664
SW_Luna,37,0.12461515663643036,0.09230769230769231,0.38333333333333336
SW_Luna,38,0.1219744346507437,0.09487179487179487,0.38333333333333336
SW_Luna,39,0.12146455139114387,0.09487179487179487,0.4
SW_Luna,40,0.1149909588118337,0.10512820512820513,0.4
SW_Luna,41,0.11381075633718152,0.10512820512820513,0.43333333333333335
SW_Luna,42,0.10639757677599525,0.13205128205128205,0.43333333333333335
SW_Luna,43,0.10629283913735804,0.13205128205128205,0.45
SW_Luna,44,0.1004692779218339,0.15,0.45
SW_Luna,45,0.10039727567679009,0.15,0.4666666666666667
SW_Luna,46,0.0962798239707219,0.1576923076923077,0.4666666666666667
SW_Luna,47,0.09579319328970526,0.1576923076923077,0.5
SW_Luna,48,0.09368362744129088,0.16282051282051282,0.5
SW_Luna,49,0.09322587645228242,0.16282051282051282,0.5333333333333333
SW_Luna,50,0.09290724080142175,0.16794871794871793,0.5333333333333333
SW_Luna,51,0.09209701572599244,0.16794871794871793,0.55
SW_Luna,52,0.0898444187542153,0.17564102564102563,0.55
SW_Luna,53,0.08946486088627381,0.17564102564102563,0.5666666666666667
SW_Luna,54,0.08305721888226797,0.2076923076923077,0.5666666666666667
SW_Luna,55,0.0827537609515589,0.2076923076923077,0.5833333333333334
SW_Luna,56,0.07459730712337993,0.2653846153846154,0.5833333333333334
SW_Luna,57,0.07443738585313524,0.2653846153846154,0.6
SW_Luna,58,0.07437619111287154,0.26666666666666666,0.6
SW_Luna,59,0.07429156404578513,0.26666666666666666,0.6166666666666667
SW_Luna,60,0.07057742540854517,0.29743589743589743,0.6166666666666667
SW_Luna,61,0.07049942227862167,0.29743589743589743,0.6333333333333333
SW_Luna,62,0.07037718884294028,0.2987179487179487,0.6333333333333333
SW_Luna,63,0.07036723502102867,0.2987179487179487,0.65
SW_Luna,64,0.06852927226733838,0.32051282051282054,0.65
SW_Luna,65,0.06807155317938754,0.32051282051282054,0.6666666666666666
SW_Luna,66,0.06639499413723425,0.3269230769230769,0.6666666666666666
SW_Luna,67,0.06638762634273161,0.3269230769230769,0.6833333333333333
SW_Luna,68,0.06432173973447705,0.35,0.6833333333333333
SW_Luna,69,0.06423874453382164,0.35,0.7
SW_Luna,70,0.0635861386160221,0.3564102564102564,0.7
SW_Luna,71,0.06355043558577174,0.3564102564102564,0.7166666666666667
SW_Luna,72,0.06169300323959448,0.3782051282051282,0.7166666666666667
SW_Luna,73,0.06138715310194513,0.3782051282051282,0.7333333333333333
SW_Luna,74,0.06054322189408813,0.391025641025641,0.7333333333333333
SW_Luna,75,0.06040824479634215,0.391025641025641,0.75
SW_Luna,76,0.05239900963102876,0.4987179487179487,0.75
SW_Luna,77,0.05238159788713933,0.4987179487179487,0.7666666666666667
SW_Luna,78,0.052298627220588166,0.5,0.7666666666666667
SW_Luna,79,0.05208318708261361,0.5,0.7833333333333333
SW_Luna,80,0.04926249208829267,0.5448717948717948,0.7833333333333333
SW_Luna,81,0.049208133228964175,0.5448717948717948,0.8
SW_Luna,82,0.04844270542197114,0.5602564102564103,0.8
SW_Luna,83,0.048435174371066904,0.5602564102564103,0.8166666666666667
SW_Luna,84,0.047860081167223664,0.5692307692307692,0.8166666666666667
SW_Luna,85,0.047781650719900176,0.5692307692307692,0.8333333333333334
SW_Luna,86,0.04481498238913263,0.6217948717948718,0.8333333333333334
SW_Luna,87,0.044794441150303524,0.6217948717948718,0.85
SW_Luna,88,0.04203844473311164,0.6615384615384615,0.85
SW_Luna,89,0.04196146273925513,0.6615384615384615,0.8666666666666667
SW_Luna,90,0.038210882313762476,0.7282051282051282,0.8666666666666667
SW_Luna,91,0.03820084764289549,0.7282051282051282,0.8833333333333333
SW_Luna,92,0.03365210678778936,0.8025641025641026,0.8833333333333333
SW_Luna,93,0.0336103158111723,0.8025641025641026,0.9
SW_Luna,94,0.03261239454306849,0.8192307692307692,0.9
SW_Luna,95,0.032574772334417273,0.8192307692307692,0.9166666666666666
SW_Luna,96,0.029953481246365873,0.8525641025641025,0.9166666666666666
SW_Luna,97,0.029803613796293173,0.8525641025641025,0.9333333333333333
SW_Luna,98,0.029314455941517468,0.8641025641025641,0.9333333333333333
SW_Luna,99,0.02920246457798402,0.8641025641025641,0.95
SW_Luna,100,0.02616396601173517,0.8987179487179487,0.95
SW_Luna,101,0.02616151833713899,0.8987179487179487,0.9666666666666667
SW_Luna,102,0.02119010100008422,0.9384615384615385,0.9666666666666667
SW_Luna,103,0.02110278611843781,0.9384615384615385,0.9833333333333333
SW_Luna,104,0.01404280181653614,0.9756410256410256,0.9833333333333333
SW_Luna,105,0.013932475214200758,0.9756410256410256,1.0
SW_Luna,106,0.0032107424168528313,1.0,1.0
SW_Nikita,0,inf,0.0,0.0
SW_Nikita,1,0.8748481427507905,0.0,0.016666666666666666
SW_Nikita,2,0.8376382885440992,0.0,0.03333333333333333
SW_Nikita,3,0.7579033507957923,0.002564102564102564,0.03333333333333333
SW_Nikita,4,0.7034020935126206,0.002564102564102564,0.08333333333333333
SW_Nikita,5,0.6891875674775229,0.0038461538461538464,0.08333333333333333
SW_Nikita,6,0.5804643013040063,0.0038461538461538464,0.16666666666666666
SW_Nikita,7,0.560148358273843,0.005128205128205128,0.16666666666666666
SW_Nikita,8,0.5190895184089255,0.005128205128205128,0.18333333333333332
SW_Nikita,9,0.5113996636592838,0.007692307692307693,0.18333333333333332
SW_Nikita,10,0.47150695853103,0.007692307692307693,0.21666666666666667
SW_Nikita,11,0.4635280065672939,0.010256410256410256,0.21666666666666667
SW_Nikita,12,0.45893192947961126,0.010256410256410256,0.23333333333333334
SW_Nikita,13,0.4413787697000276,0.011538461538461539,0.23333333333333334
SW_Nikita,14,0.41383616013527585,0.011538461538461539,0.26666666666666666
SW_Nikita,15,0.38070523483789964,0.01282051282051282,0.26666666666666666
SW_Nikita,16,0.34688713021710676,0.01282051282051282,0.31666666666666665
SW_Nikita,17,0.2910227508076805,0.020512820512820513,0.31666666666666665
SW_Nikita,18,0.2886722831676275,0.020512820512820513,0.35
SW_Nikita,19,0.2859824319690604,0.021794871794871794,0.35
SW_Nikita,20,0.28328497960057053,0.021794871794871794,0.36666666666666664
SW_Nikita,21,0.27056993624861597,0.02435897435897436,0.36666666666666664
SW_Nikita,22,0.25187493038684783,0.02435897435897436,0.38333333333333336
SW_Nikita,23,0.24889985519905755,0.02564102564102564,0.38333333333333336
SW_Nikita,24,0.22853797803009135,0.02564102564102564,0.4666666666666667
SW_Nikita,25,0.2011051579952953,0.029487179487179487,0.4666666666666667
SW_Nikita,26,0.1996661843021394,0.029487179487179487,0.48333333333333334
SW_Nikita,27,0.1956650119485554,0.03076923076923077,0.48333333333333334
SW_Nikita,28,0.19339641011854988,0.03076923076923077,0.5
SW_Nikita,29,0.16967087552976623,0.038461538461538464,0.5
SW_Nikita,30,0.16579749633192914,0.038461538461538464,0.5166666666666667
SW_Nikita,31,0.16278958845299848,0.03974358974358974,0.5166666666666667
SW_Nikita,32,0.1562174135047172,0.03974358974358974,0.5333333333333333
SW_Nikita,33,0.10917694075397234,0.07179487179487179,0.5333333333333333
SW_Nikita,34,0.10858195571968775,0.07179487179487179,0.5666666666666667
SW_Nikita,35,0.100754290221513,0.08205128205128205,0.5666666666666667
SW_Nikita,36,0.09889244095540048,0.08205128205128205,0.5833333333333334
SW_Nikita,37,0.09338802297263553,0.08846153846153847,0.5833333333333334
SW_Nikita,38,0.09201473796359216,0.08846153846153847,0.6
SW_Nikita,39,0.08757202686200938,0.1,0.6
SW_Nikita,40,0.08754698764457106,0.1,0.6166666666666667
SW_Nikita,41,0.0875064453511247,0.10128205128205128,0.6166666666666667
SW_Nikita,42,0.08736636332896007,0.10128205128205128,0.6333333333333333
SW_Nikita,43,0.068168917990672,0.13333333333333333,0.6333333333333333
SW_Nikita,44,0.06783680600892249,0.13333333333333333,0.65
SW_Nikita,45,0.06498572201230716,0.1423076923076923,0.65
SW_Nikita,46,0.0648467485654547,0.1423076923076923,0.6833333333333333
SW_Nikita,47,0.06392556836090349,0.14487179487179488,0.6833333333333333
SW_Nikita,48,0.06362329441591372,0.14487179487179488,0.7
SW_Nikita,49,0.05533824097231587,0.17307692307692307,0.7
SW_Nikita,50,0.0550616520737096,0.17307692307692307,0.7333333333333333
SW_Nikita,51,0.054411803855910844,0.1794871794871795,0.7333333333333333
SW_Nikita,52,0.054404936812286746,0.1794871794871795,0.75
SW_Nikita,53,0.04595865984376084,0.21923076923076923,0.75
SW_Nikita,54,0.045870452578037395,0.21923076923076923,0.7666666666666667
SW_Nikita,55,0.04453777089711689,0.2282051282051282,0.7666666666666667
SW_Nikita,56,0.044502722374266036,0.2282051282051282,0.7833333333333333
SW_Nikita,57,0.043834834928411615,0.23205128205128206,0.7833333333333333
SW_Nikita,58,0.0437685399170225,0.23205128205128206,0.8
SW_Nikita,59,0.04287815407470919,0.23717948717948717,0.8
SW_Nikita,60,0.04276711287693771,0.23717948717948717,0.8166666666666667
SW_Nikita,61,0.041313779419657796,0.24743589743589745,0.8166666666666667
SW_Nikita,62,0.04111806991228661,0.24743589743589745,0.8333333333333334
SW_Nikita,63,0.038620703671748496,0.26794871794871794,0.8333333333333334
SW_Nikita,64,0.0386001592320031,0.26794871794871794,0.85
SW_Nikita,65,0.029458463851630336,0.36538461538461536,0.85
SW_Nikita,66,0.029433023554478455,0.36538461538461536,0.8666666666666667
SW_Nikita,67,0.0240810496949831,0.43205128205128207,0.8666666666666667
SW_Nikita,68,0.024036890893308103,0.43205128205128207,0.8833333333333333
SW_Nikita,69,0.019689686908418956,0.5051282051282051,0.8833333333333333
SW_Nikita,70,0.019682351233331518,0.5051282051282051,0.9
SW_Nikita,71,0.018843999715528744,0.5217948717948718,0.9
SW_Nikita,72,0.018787450133946355,0.5217948717948718,0.9166666666666666
SW_Nikita,73,0.016776593975268407,0.5615384615384615,0.9166666666666666
SW_Nikita,74,0.016525521195915955,0.5615384615384615,0.9333333333333333
SW_Nikita,75,0.013718861127261991,0.632051282051282,0.9333333333333333
SW_Nikita,76,0.013660218063170214,0.632051282051282,0.95
SW_Nikita,77,0.013341418195472344,0.6346153846153846,0.95
SW_Nikita,78,0.013326391216838524,0.6346153846153846,0.9666666666666667
SW_Nikita,79,0.010979596679472844,0.6897435897435897,0.9666666666666667
SW_Nikita,80,0.010927112838432316,0.6897435897435897,0.9833333333333333
SW_Nikita,81,0.008389061362858321,0.7538461538461538,0.9833333333333333
SW_Nikita,82,0.008385138053444537,0.7538461538461538,1.0
SW_Nikita,83,1.2682723266827184e-05,1.0,1.0
SW_Nana,0,inf,0.0,0.0
SW_Nana,1,0.8116163859325854,0.001282051282051282,0.0
SW_Nana,2,0.6023279757015471,0.001282051282051282,0.05
SW_Nana,3,0.48410069009083206,0.0038461538461538464,0.05
SW_Nana,4,0.48172945063321626,0.0038461538461538464,0.06666666666666667
SW_Nana,5,0.4809937944456545,0.005128205128205128,0.06666666666666667
SW_Nana,6,0.4548721456576691,0.005128205128205128,0.08333333333333333
SW_Nana,7,0.45393251773209053,0.00641025641025641,0.08333333333333333
SW_Nana,8,0.4411538368121186,0.00641025641025641,0.1
SW_Nana,9,0.41126158304551286,0.007692307692307693,0.1
SW_Nana,10,0.3820896770028048,0.007692307692307693,0.11666666666666667
SW_Nana,11,0.37515374936151186,0.008974358974358974,0.11666666666666667
SW_Nana,12,0.36362134208689706,0.008974358974358974,0.13333333333333333
SW_Nana,13,0.36198238110082026,0.010256410256410256,0.13333333333333333
SW_Nana,14,0.34264835445833713,0.010256410256410256,0.18333333333333332
SW_Nana,15,0.30115757483229233,0.011538461538461539,0.18333333333333332
SW_Nana,16,0.28153014311315666,0.011538461538461539,0.21666666666666667
SW_Nana,17,0.27697898316544484,0.01282051282051282,0.21666666666666667
SW_Nana,18,0.2644864222195038,0.01282051282051282,0.25
SW_Nana,19,0.2567571063702167,0.014102564102564103,0.25
SW_Nana,20,0.25483682791978823,0.014102564102564103,0.26666666666666666
SW_Nana,21,0.24411970219808768,0.017948717948717947,0.26666666666666666
SW_Nana,22,0.2408082956081437,0.017948717948717947,0.31666666666666665
SW_Nana,23,0.23418474163996408,0.020512820512820513,0.31666666666666665
SW_Nana,24,0.2300697845488224,0.020512820512820513,0.35
SW_Nana,25,0.2161581386357455,0.02564102564102564,0.35
SW_Nana,26,0.2141214366858954,0.02564102564102564,0.36666666666666664
SW_Nana,27,0.19606182911702347,0.03076923076923077,0.36666666666666664
SW_Nana,28,0.1954079906286133,0.03076923076923077,0.38333333333333336
SW_Nana,29,0.16953324764733668,0.03974358974358974,0.38333333333333336
SW_Nana,30,0.16705247193122597,0.03974358974358974,0.4
SW_Nana,31,0.1659845242753301,0.04230769230769231,0.4
SW_Nana,32,0.16447441447402264,0.04230769230769231,0.4166666666666667
SW_Nana,33,0.1625047336756922,0.04358974358974359,0.4166666666666667
SW_Nana,34,0.16242047040825824,0.04358974358974359,0.43333333333333335
SW_Nana,35,0.16232025201540304,0.04487179487179487,0.43333333333333335
SW_Nana,36,0.15989469638264514,0.04487179487179487,0.45
SW_Nana,37,0.15037927587495348,0.05897435897435897,0.45
SW_Nana,38,0.14993685867609727,0.05897435897435897,0.4666666666666667
SW_Nana,39,0.14429835497221508,0.07179487179487179,0.4666666666666667
SW_Nana,40,0.14234777325560286,0.07179487179487179,0.5
SW_Nana,41,0.1416438341814338,0.07435897435897436,0.5
SW_Nana,42,0.14119676008423876,0.07435897435897436,0.5166666666666667
SW_Nana,43,0.13649362490259193,0.0782051282051282,0.5166666666666667
SW_Nana,44,0.13432911678050452,0.0782051282051282,0.5333333333333333
SW_Nana,45,0.13251202489693778,0.08076923076923077,0.5333333333333333
SW_Nana,46,0.12987160944712606,0.08076923076923077,0.55
SW_Nana,47,0.12788025865597058,0.08461538461538462,0.55
SW_Nana,48,0.12782460500042112,0.08461538461538462,0.5666666666666667
SW_Nana,49,0.11752038804342622,0.09871794871794871,0.5666666666666667
SW_Nana,50,0.11650449743612058,0.09871794871794871,0.6
SW_Nana,51,0.10906608785334396,0.11282051282051282,0.6
SW_Nana,52,0.10870664596400616,0.11282051282051282,0.6166666666666667
SW_Nana,53,0.10568811901745936,0.12051282051282051,0.6166666666666667
SW_Nana,54,0.10552710026286129,0.12051282051282051,0.6333333333333333
SW_Nana,55,0.10235265411364036,0.12564102564102564,0.6333333333333333
SW_Nana,56,0.10226865750661415,0.12564102564102564,0.65
SW_Nana,57,0.09826072167784555,0.1371794871794872,0.65
SW_Nana,58,0.09820002804161342,0.1371794871794872,0.6666666666666666
SW_Nana,59,0.09421726448452848,0.15,0.6666666666666666
SW_Nana,60,0.09411819760999161,0.15,0.6833333333333333
SW_Nana,61,0.08598160603590041,0.17307692307692307,0.6833333333333333
SW_Nana,62,0.08500608635663556,0.17307692307692307,0.7
SW_Nana,63,0.08454140856145627,0.17564102564102563,0.7
SW_Nana,64,0.08378714949370514,0.17564102564102563,0.7333333333333333
SW_Nana,65,0.082324445869242,0.18076923076923077,0.7333333333333333
SW_Nana,66,0.08223365507554288,0.18076923076923077,0.75
SW_Nana,67,0.0759816602100908,0.2064102564102564,0.75
SW_Nana,68,0.07594158272519154,0.2064102564102564,0.7666666666666667
SW_Nana,69,0.07405587533806025,0.21794871794871795,0.7666666666666667
SW_Nana,70,0.07404167895364118,0.21794871794871795,0.7833333333333333
SW_Nana,71,0.07114852623785207,0.23333333333333334,0.7833333333333333
SW_Nana,72,0.07075157833141225,0.23333333333333334,0.8
SW_Nana,73,0.06756102521100336,0.25,0.8
SW_Nana,74,0.067528328739677,0.25,0.8166666666666667
SW_Nana,75,0.06578824848382536,0.258974358974359,0.8166666666666667
SW_Nana,76,0.06572457757380737,0.258974358974359,0.8333333333333334
SW_Nana,77,0.06322714781168685,0.2743589743589744,0.8333333333333334
SW_Nana,78,0.0631494777184714,0.2743589743589744,0.85
SW_Nana,79,0.05038667746874948,0.3435897435897436,0.85
SW_Nana,80,0.050386371794323564,0.3435897435897436,0.8666666666666667
SW_Nana,81,0.047614981430620845,0.37435897435897436,0.8666666666666667
SW_Nana,82,0.04756679341529307,0.37435897435897436,0.8833333333333333
SW_Nana,83,0.03009319729419167,0.6102564102564103,0.8833333333333333
SW_Nana,84,0.030019996352185236,0.6102564102564103,0.9
SW_Nana,85,0.029221110427130454,0.617948717948718,0.9
SW_Nana,86,0.02920109035755734,0.617948717948718,0.9166666666666666
SW_Nana,87,0.02543458341574756,0.6858974358974359,0.9166666666666666
SW_Nana,88,0.025371764998400468,0.6858974358974359,0.9333333333333333
SW_Nana,89,0.022765879021856297,0.7333333333333333,0.9333333333333333
SW_Nana,90,0.0227623500226146,0.7333333333333333,0.95
SW_Nana,91,0.022505907179415783,0.7397435897435898,0.95
SW_Nana,92,0.022498696190363092,0.7397435897435898,0.9666666666666667
SW_Nana,93,0.0199262199872934,0.7692307692307693,0.9666666666666667
SW_Nana,94,0.019894940054279824,0.7692307692307693,0.9833333333333333
SW_Nana,95,0.007622410114182196,0.9576923076923077,0.9833333333333333
SW_Nana,96,0.007385582152176078,0.9576923076923077,1.0
SW_Nana,97,0.0014194171312411747,1.0,1.0
SW_Yosefa,0,inf,0.0,0.0
SW_Yosefa,1,0.5708853956169085,0.001282051282051282,0.0
SW_Yosefa,2,0.5168939280587793,0.001282051282051282,0.03333333333333333
SW_Yosefa,3,0.45080609037910035,0.0038461538461538464,0.03333333333333333
SW_Yosefa,4,0.4311939280144053,0.0038461538461538464,0.05
SW_Yosefa,5,0.3243608057055304,0.010256410256410256,0.05
SW_Yosefa,6,0.31555360972396135,0.010256410256410256,0.06666666666666667
SW_Yosefa,7,0.23236889804865912,0.02564102564102564,0.06666666666666667
SW_Yosefa,8,0.23115692697011914,0.02564102564102564,0.08333333333333333
SW_Yosefa,9,0.21530537411460324,0.03076923076923077,0.08333333333333333
SW_Yosefa,10,0.21352074329521212,0.03076923076923077,0.1
SW_Yosefa,11,0.20238343722353166,0.035897435897435895,0.1
SW_Yosefa,12,0.19954583971080703,0.035897435897435895,0.11666666666666667
SW_Yosefa,13,0.19899960125274724,0.03717948717948718,0.11666666666666667
SW_Yosefa,14,0.19896757761304168,0.03717948717948718,0.13333333333333333
SW_Yosefa,15,0.17968017353067012,0.05384615384615385,0.13333333333333333
SW_Yosefa,16,0.17923116809164458,0.05384615384615385,0.15
SW_Yosefa,17,0.1710544282744391,0.0641025641025641,0.15
SW_Yosefa,18,0.16914086619229285,0.0641025641025641,0.16666666666666666
SW_Yosefa,19,0.15967202606479788,0.06923076923076923,0.16666666666666666
SW_Yosefa,20,0.15952743665368443,0.06923076923076923,0.18333333333333332
SW_Yosefa,21,0.1594126175806085,0.07051282051282051,0.18333333333333332
SW_Yosefa,22,0.15930832381159926,0.07051282051282051,0.2
SW_Yosefa,23,0.15615729384774968,0.07179487179487179,0.2
SW_Yosefa,24,0.15592999485607137,0.07179487179487179,0.21666666666666667
SW_Yosefa,25,0.1537843567864577,0.07564102564102564,0.21666666666666667
SW_Yosefa,26,0.14950069859184184,0.07564102564102564,0.26666666666666666
SW_Yosefa,27,0.13758902053658612,0.09102564102564102,0.26666666666666666
SW_Yosefa,28,0.13709951634478593,0.09102564102564102,0.2833333333333333
SW_Yosefa,29,0.1255652991419026,0.11282051282051282,0.2833333333333333
SW_Yosefa,30,0.12507549898528694,0.11282051282051282,0.3
SW_Yosefa,31,0.12449021656366598,0.11538461538461539,0.3
SW_Yosefa,32,0.12442285344371544,0.11538461538461539,0.31666666666666665
SW_Yosefa,33,0.12349397563796943,0.11794871794871795,0.31666666666666665
SW_Yosefa,34,0.1233237127748525,0.11794871794871795,0.3333333333333333
SW_Yosefa,35,0.11704122508125944,0.1346153846153846,0.3333333333333333
SW_Yosefa,36,0.1169043809307237,0.1346153846153846,0.35
SW_Yosefa,37,0.11561057935273046,0.1371794871794872,0.35
SW_Yosefa,38,0.1148641585204539,0.1371794871794872,0.36666666666666664
SW_Yosefa,39,0.11124603924167882,0.14358974358974358,0.36666666666666664
SW_Yosefa,40,0.11057124360692107,0.14358974358974358,0.38333333333333336
SW_Yosefa,41,0.10026549041244141,0.16794871794871793,0.38333333333333336
SW_Yosefa,42,0.10015886104949258,0.16794871794871793,0.4166666666666667
SW_Yosefa,43,0.09838397276713698,0.17307692307692307,0.4166666666666667
SW_Yosefa,44,0.09796041471058177,0.17307692307692307,0.43333333333333335
SW_Yosefa,45,0.09736930723268558,0.17564102564102563,0.43333333333333335
SW_Yosefa,46,0.09730780742149406,0.17564102564102563,0.45
SW_Yosefa,47,0.09287077976774694,0.18846153846153846,0.45
SW_Yosefa,48,0.09243138678206335,0.18846153846153846,0.4666666666666667
SW_Yosefa,49,0.09077117767795569,0.19487179487179487,0.4666666666666667
SW_Yosefa,50,0.09024541044775478,0.19487179487179487,0.48333333333333334
SW_Yosefa,51,0.08241877669548654,0.25256410256410255,0.48333333333333334
SW_Yosefa,52,0.08219704900767502,0.25256410256410255,0.5
SW_Yosefa,53,0.07778440223051322,0.28076923076923077,0.5
SW_Yosefa,54,0.07729842804348594,0.28076923076923077,0.5166666666666667
SW_Yosefa,55,0.07473590858725182,0.30512820512820515,0.5166666666666667
SW_Yosefa,56,0.07453598140218622,0.30512820512820515,0.5333333333333333
SW_Yosefa,57,0.07412981070234076,0.308974358974359,0.5333333333333333
SW_Yosefa,58,0.07410726553316446,0.308974358974359,0.55
SW_Yosefa,59,0.07288086399198641,0.3217948717948718,0.55
SW_Yosefa,60,0.07282901822242749,0.3217948717948718,0.5666666666666667
SW_Yosefa,61,0.07264680538413487,0.3243589743589744,0.5666666666666667
SW_Yosefa,62,0.07252936038084082,0.3243589743589744,0.5833333333333334
SW_Yosefa,63,0.06969597591424925,0.35512820512820514,0.5833333333333334
SW_Yosefa,64,0.06956031922857903,0.35512820512820514,0.6
SW_Yosefa,65,0.06737394900500268,0.3769230769230769,0.6
SW_Yosefa,66,0.06715278691305694,0.3769230769230769,0.6333333333333333
SW_Yosefa,67,0.06482622456260541,0.40897435897435896,0.6333333333333333
SW_Yosefa,68,0.06466186711414873,0.40897435897435896,0.65
SW_Yosefa,69,0.06464130526506123,0.41025641025641024,0.65
SW_Yosefa,70,0.06456643924751432,0.41025641025641024,0.6666666666666666
SW_Yosefa,71,0.06339783234527246,0.4205128205128205,0.6666666666666666
SW_Yosefa,72,0.06302883934267729,0.4205128205128205,0.6833333333333333
SW_Yosefa,73,0.057736032597054586,0.4564102564102564,0.6833333333333333
SW_Yosefa,74,0.05772653630979807,0.4564102564102564,0.7
SW_Yosefa,75,0.05635028995667525,0.4666666666666667,0.7
SW_Yosefa,76,0.05628063465549513,0.4666666666666667,0.7166666666666667
SW_Yosefa,77,0.05515560247922219,0.4756410256410256,0.7166666666666667
SW_Yosefa,78,0.05511628947765196,0.4756410256410256,0.7333333333333333
SW_Yosefa,79,0.05441284013189623,0.4782051282051282,0.7333333333333333
SW_Yosefa,80,0.05382014118037464,0.4782051282051282,0.7666666666666667
SW_Yosefa,81,0.05312529029990137,0.48846153846153845,0.7666666666666667
SW_Yosefa,82,0.05301625721325634,0.48846153846153845,0.7833333333333333
SW_Yosefa,83,0.05111862568747477,0.5115384615384615,0.7833333333333333
SW_Yosefa,84,0.050983263768264925,0.5115384615384615,0.8
SW_Yosefa,85,0.04958450897646971,0.5294871794871795,0.8
SW_Yosefa,86,0.04957514961454783,0.5294871794871795,0.8166666666666667
SW_Yosefa,87,0.04819262521157583,0.5448717948717948,0.8166666666666667
SW_Yosefa,88,0.04794126476903967,0.5448717948717948,0.8333333333333334
SW_Yosefa,89,0.04705332934576478,0.5576923076923077,0.8333333333333334
SW_Yosefa,90,0.0468434735949484,0.5576923076923077,0.85
SW_Yosefa,91,0.04619385219879856,0.5679487179487179,0.85
SW_Yosefa,92,0.046176349250086623,0.5679487179487179,0.8666666666666667
SW_Yosefa,93,0.04546796621231001,0.5769230769230769,0.8666666666666667
SW_Yosefa,94,0.04542535368551634,0.5769230769230769,0.8833333333333333
SW_Yosefa,95,0.04326685883694701,0.6076923076923076,0.8833333333333333
SW_Yosefa,96,0.04323206123868793,0.6076923076923076,0.9
SW_Yosefa,97,0.04061635509202857,0.6358974358974359,0.9
SW_Yosefa,98,0.04045937911944178,0.6358974358974359,0.9166666666666666
SW_Yosefa,99,0.03782479925150146,0.6717948717948717,0.9166666666666666
SW_Yosefa,100,0.037588966342869054,0.6717948717948717,0.9333333333333333
SW_Yosefa,101,0.031832635219482396,0.7423076923076923,0.9333333333333333
SW_Yosefa,102,0.03182777940669943,0.7423076923076923,0.95
SW_Yosefa,103,0.02946194380782569,0.764102564102564,0.95
SW_Yosefa,104,0.029398193200427438,0.764102564102564,0.9666666666666667
SW_Yosefa,105,0.02873832720198557,0.767948717948718,0.9666666666666667
SW_Yosefa,106,0.028541443179767794,0.767948717948718,0.9833333333333333
SW_Yosefa,107,0.023205149630291688,0.8487179487179487,0.9833333333333333
SW_Yosefa,108,0.023176347008058477,0.8487179487179487,1.0
SW_Yosefa,109,0.0033478704606540416,1.0,1.0
SW_Dana,0,inf,0.0,0.0
SW_Dana,1,0.9829750264350589,0.001282051282051282,0.0
SW_Dana,2,0.9635118688381359,0.002564102564102564,0.0
SW_Dana,3,0.8719060863630784,0.002564102564102564,0.016666666666666666
SW_Dana,4,0.8466080846526944,0.0038461538461538464,0.016666666666666666
SW_Dana,5,0.7943717598994687,0.0038461538461538464,0.03333333333333333
SW_Dana,6,0.6241923675494767,0.00641025641025641,0.03333333333333333
SW_Dana,7,0.5428725164232338,0.00641025641025641,0.1
SW_Dana,8,0.535337147568129,0.008974358974358974,0.1
SW_Dana,9,0.5146624150288703,0.008974358974358974,0.11666666666666667
SW_Dana,10,0.49311270355939757,0.010256410256410256,0.11666666666666667
SW_Dana,11,0.4805738657200888,0.010256410256410256,0.13333333333333333
SW_Dana,12,0.44701699120959976,0.014102564102564103,0.13333333333333333
SW_Dana,13,0.44390965564989365,0.014102564102564103,0.15
SW_Dana,14,0.364578066750501,0.020512820512820513,0.15
SW_Dana,15,0.3574629942632639,0.020512820512820513,0.16666666666666666
SW_Dana,16,0.3329206175648481,0.02435897435897436,0.16666666666666666
SW_Dana,17,0.33176631797288897,0.02435897435897436,0.18333333333333332
SW_Dana,18,0.32579001120160533,0.02564102564102564,0.18333333333333332
SW_Dana,19,0.3235735888180431,0.02564102564102564,0.2
SW_Dana,20,0.306130159888616,0.026923076923076925,0.2
SW_Dana,21,0.3013151095267712,0.026923076923076925,0.21666666666666667
SW_Dana,22,0.2902280671237132,0.03205128205128205,0.21666666666666667
SW_Dana,23,0.2849578963398021,0.03205128205128205,0.23333333333333334
SW_Dana,24,0.27980627262949553,0.03333333333333333,0.23333333333333334
SW_Dana,25,0.27203266806104426,0.03333333333333333,0.26666666666666666
SW_Dana,26,0.27147995947626546,0.03461538461538462,0.26666666666666666
SW_Dana,27,0.2670250325927719,0.03461538461538462,0.2833333333333333
SW_Dana,28,0.25598537685889006,0.041025641025641026,0.2833333333333333
SW_Dana,29,0.24429189307712582,0.041025641025641026,0.3
SW_Dana,30,0.24127704157810906,0.04230769230769231,0.3
SW_Dana,31,0.23337502238580382,0.04230769230769231,0.3333333333333333
SW_Dana,32,0.23140098628929623,0.046153846153846156,0.3333333333333333
SW_Dana,33,0.23078551789163046,0.046153846153846156,0.35
SW_Dana,34,0.21545948431229375,0.052564102564102565,0.35
SW_Dana,35,0.2119798707128342,0.052564102564102565,0.38333333333333336
SW_Dana,36,0.21149214834077212,0.05384615384615385,0.38333333333333336
SW_Dana,37,0.21128609017955755,0.05384615384615385,0.4166666666666667
SW_Dana,38,0.2092525689807298,0.05512820512820513,0.4166666666666667
SW_Dana,39,0.20370368113134274,0.05512820512820513,0.43333333333333335
SW_Dana,40,0.16413416414159246,0.0782051282051282,0.43333333333333335
SW_Dana,41,0.161229335395918,0.0782051282051282,0.45
SW_Dana,42,0.1581911510209295,0.08076923076923077,0.45
SW_Dana,43,0.15548289262258844,0.08076923076923077,0.4666666666666667
SW_Dana,44,0.15518252326159038,0.08205128205128205,0.4666666666666667
SW_Dana,45,0.1547577286545172,0.08205128205128205,0.48333333333333334
SW_Dana,46,0.1535270293339259,0.08333333333333333,0.48333333333333334
SW_Dana,47,0.1489751585801742,0.08333333333333333,0.5166666666666667
SW_Dana,48,0.14896048642263793,0.08461538461538462,0.5166666666666667
SW_Dana,49,0.14793451428024673,0.08461538461538462,0.55
SW_Dana,50,0.14226226595534106,0.08846153846153847,0.55
SW_Dana,51,0.14076768421541075,0.08846153846153847,0.5666666666666667
SW_Dana,52,0.1375626255433576,0.09358974358974359,0.5666666666666667
SW_Dana,53,0.1363217489252129,0.09358974358974359,0.5833333333333334
SW_Dana,54,0.13044856770966662,0.1,0.5833333333333334
SW_Dana,55,0.1300100532922118,0.1,0.6
SW_Dana,56,0.12462997276397347,0.1076923076923077,0.6
SW_Dana,57,0.12456040666712442,0.1076923076923077,0.6166666666666667
SW_Dana,58,0.121217820560728,0.11538461538461539,0.6166666666666667
SW_Dana,59,0.12072263516010251,0.11538461538461539,0.6333333333333333
SW_Dana,60,0.10817056045802396,0.14102564102564102,0.6333333333333333
SW_Dana,61,0.10720251576749971,0.14102564102564102,0.65
SW_Dana,62,0.0982404014100367,0.16282051282051282,0.65
SW_Dana,63,0.09790175419980998,0.16282051282051282,0.6666666666666666
SW_Dana,64,0.09748991927086434,0.1641025641025641,0.6666666666666666
SW_Dana,65,0.0974282910642883,0.1641025641025641,0.6833333333333333
SW_Dana,66,0.09691473192975175,0.16538461538461538,0.6833333333333333
SW_Dana,67,0.09682003579040588,0.16538461538461538,0.7
SW_Dana,68,0.09493051182841745,0.1782051282051282,0.7
SW_Dana,69,0.09399268126128718,0.1782051282051282,0.7333333333333333
SW_Dana,70,0.08289589829235884,0.21666666666666667,0.7333333333333333
SW_Dana,71,0.08208491906714267,0.21666666666666667,0.75
SW_Dana,72,0.07314026999628823,0.2717948717948718,0.75
SW_Dana,73,0.07305897221086806,0.2717948717948718,0.7666666666666667
SW_Dana,74,0.06472989043456392,0.308974358974359,0.7666666666666667
SW_Dana,75,0.06466176846013653,0.308974358974359,0.7833333333333333
SW_Dana,76,0.059751700041889004,0.34102564102564104,0.7833333333333333
SW_Dana,77,0.05925844009813555,0.34102564102564104,0.8
SW_Dana,78,0.049500458325609044,0.4230769230769231,0.8
SW_Dana,79,0.04942310189421823,0.4230769230769231,0.8166666666666667
SW_Dana,80,0.0339949384677322,0.5628205128205128,0.8166666666666667
SW_Dana,81,0.03396918819185132,0.5628205128205128,0.8333333333333334
SW_Dana,82,0.03027327552424681,0.6064102564102564,0.8333333333333334
SW_Dana,83,0.030139423974770374,0.6064102564102564,0.85
SW_Dana,84,0.029044886842487665,0.617948717948718,0.85
SW_Dana,85,0.028728996009220402,0.617948717948718,0.8666666666666667
SW_Dana,86,0.024480315078078407,0.6730769230769231,0.8666666666666667
SW_Dana,87,0.024365924568616276,0.6730769230769231,0.8833333333333333
SW_Dana,88,0.02247369854547858,0.6974358974358974,0.8833333333333333
SW_Dana,89,0.022422090983808547,0.6974358974358974,0.9
SW_Dana,90,0.0204230850267237,0.7384615384615385,0.9
SW_Dana,91,0.020407797217237438,0.7384615384615385,0.9166666666666666
SW_Dana,92,0.013327040543580245,0.841025641025641,0.9166666666666666
SW_Dana,93,0.013288666021909147,0.841025641025641,0.9333333333333333
SW_Dana,94,0.010627200635617956,0.8923076923076924,0.9333333333333333
SW_Dana,95,0.010569475126227607,0.8923076923076924,0.95
SW_Dana,96,0.008201614375617918,0.926923076923077,0.95
SW_Dana,97,0.007938193885269524,0.926923076923077,0.9666666666666667
SW_Dana,98,0.00042310538347394743,0.9974358974358974,0.9666666666666667
SW_Dana,99,0.00041348696391109945,0.9974358974358974,0.9833333333333333
SW_Dana,100,0.00016574154307980155,1.0,0.9833333333333333
SW_Dana,101,0.00014724685915901568,1.0,1.0
NSW_1,0,inf,0.0,0.0
NSW_1,1,0.9478675599788736,0.0,0.016666666666666666
NSW_1,2,0.8800936049933212,0.0,0.06666666666666667
NSW_1,3,0.878643655721371,0.001282051282051282,0.06666666666666667
NSW_1,4,0.7740647099572678,0.001282051282051282,0.16666666666666666
NSW_1,5,0.7690557440008537,0.002564102564102564,0.16666666666666666
NSW_1,6,0.7515283462307761,0.002564102564102564,0.18333333333333332
NSW_1,7,0.6735797330302619,0.005128205128205128,0.18333333333333332
NSW_1,8,0.602419210656132,0.005128205128205128,0.3
NSW_1,9,0.5896703535694305,0.00641025641025641,0.3
NSW_1,10,0.4345435615905656,0.00641025641025641,0.4
NSW_1,11,0.4325347243686763,0.007692307692307693,0.4
NSW_1,12,0.4110389553741701,0.007692307692307693,0.4166666666666667
NSW_1,13,0.34001677619909404,0.01282051282051282,0.4166666666666667
NSW_1,14,0.3371292209693924,0.01282051282051282,0.43333333333333335
NSW_1,15,0.3342089858498077,0.014102564102564103,0.43333333333333335
NSW_1,16,0.32235262347959165,0.014102564102564103,0.45
NSW_1,17,0.31900379836089704,0.015384615384615385,0.45
NSW_1,18,0.3151765078113085,0.015384615384615385,0.4666666666666667
NSW_1,19,0.2949131310263192,0.020512820512820513,0.4666666666666667
NSW_1,20,0.29282360944648184,0.020512820512820513,0.48333333333333334
NSW_1,21,0.29017099437672583,0.021794871794871794,0.48333333333333334
NSW_1,22,0.28850980917542796,0.021794871794871794,0.5166666666666667
NSW_1,23,0.24840547536435253,0.029487179487179487,0.5166666666666667
NSW_1,24,0.23300956708320442,0.029487179487179487,0.5666666666666667
NSW_1,25,0.2319355008788217,0.03076923076923077,0.5666666666666667
NSW_1,26,0.22218820852776966,0.03076923076923077,0.6
NSW_1,27,0.21323267228159554,0.038461538461538464,0.6
NSW_1,28,0.2076857027089363,0.038461538461538464,0.65
NSW_1,29,0.19205133945988184,0.047435897435897434,0.65
NSW_1,30,0.1859218020916825,0.047435897435897434,0.6666666666666666
NSW_1,31,0.1853184715701136,0.05,0.6666666666666666
NSW_1,32,0.17899677108961926,0.05,0.7
NSW_1,33,0.17033184881118615,0.05384615384615385,0.7
NSW_1,34,0.17009375403127241,0.05384615384615385,0.7166666666666667
NSW_1,35,0.1655374055769609,0.05641025641025641,0.7166666666666667
NSW_1,36,0.1570515273489787,0.05641025641025641,0.75
NSW_1,37,0.15281177143365382,0.06025641025641026,0.75
NSW_1,38,0.15156139726064322,0.06025641025641026,0.7833333333333333
NSW_1,39,0.14962055372995886,0.0641025641025641,0.7833333333333333
NSW_1,40,0.14623472364473175,0.0641025641025641,0.8166666666666667
NSW_1,41,0.134761820417554,0.07564102564102564,0.8166666666666667
NSW_1,42,0.1325988657700881,0.07564102564102564,0.8333333333333334
NSW_1,43,0.09778527640723532,0.12564102564102564,0.8333333333333334
NSW_1,44,0.09761311023391142,0.12564102564102564,0.85
NSW_1,45,0.08160461561160971,0.17051282051282052,0.85
NSW_1,46,0.08132941091425082,0.17051282051282052,0.8666666666666667
NSW_1,47,0.06304835099069057,0.22564102564102564,0.8666666666666667
NSW_1,48,0.063024382494231,0.22564102564102564,0.8833333333333333
NSW_1,49,0.055437583257078406,0.2641025641025641,0.8833333333333333
NSW_1,50,0.05529638764367433,0.2641025641025641,0.9
NSW_1,51,0.04941040117782157,0.30256410256410254,0.9
NSW_1,52,0.04896325134351918,0.30256410256410254,0.9166666666666666
NSW_1,53,0.04621927638533505,0.3294871794871795,0.9166666666666666
NSW_1,54,0.0461034497720026,0.3294871794871795,0.9333333333333333
NSW_1,55,0.04093127044111822,0.37564102564102564,0.9333333333333333
NSW_1,56,0.04093085314865869,0.37564102564102564,0.95
NSW_1,57,0.023116042117389556,0.5794871794871795,0.95
NSW_1,58,0.023011432826251055,0.5794871794871795,0.9666666666666667
NSW_1,59,0.0148109990500678,0.7423076923076923,0.9666666666666667
NSW_1,60,0.014793921065529304,0.7423076923076923,1.0
NSW_1,61,0.0007460756643621208,1.0,1.0
