C,valid_accuracy,valid_macro_f1
0.0001,0.40412979351032446,0.4326005283907294
0.0003,0.5162241887905604,0.5566348736686967
0.001,0.6283185840707964,0.659128781440103
0.003,0.7374631268436578,0.7588120264974285
0.01,0.7876106194690266,0.8008841561460617
0.03,0.8112094395280236,0.8223271442343577
0.1,0.8230088495575221,0.831497610677045
0.3,0.8377581120943953,0.843482328333192
1.0,0.8377581120943953,0.843547943721388
3.0,0.831858407079646,0.8293234398390391
10.0,0.8200589970501475,0.8196651982792401
30.0,0.8112094395280236,0.8119143473257125
100.0,0.8053097345132744,0.8067712529363583
