sample_id,label,split
Clymene_Dolphin/83006002.wav,Clymene_Dolphin,train
Clymene_Dolphin/8300602E.wav,Clymene_Dolphin,train
Clymene_Dolphin/83035002.wav,Clymene_Dolphin,train
Clymene_Dolphin/8300604G.wav,Clymene_Dolphin,train
Clymene_Dolphin/8303503S.wav,Clymene_Dolphin,train
Clymene_Dolphin/83035003.wav,Clymene_Dolphin,train
Clymene_Dolphin/8300604E.wav,Clymene_Dolphin,train
Clymene_Dolphin/8300603S.wav,Clymene_Dolphin,train
Clymene_Dolphin/8300604O.wav,Clymene_Dolphin,train
Clymene_Dolphin/8300602Q.wav,Clymene_Dolphin,train
Clymene_Dolphin/83006008.wav,Clymene_Dolphin,train
Clymene_Dolphin/83035007.wav,Clymene_Dolphin,train
Clymene_Dolphin/8300600N.wav,Clymene_Dolphin,train
Clymene_Dolphin/8303503R.wav,Clymene_Dolphin,train
Clymene_Dolphin/8300600A.wav,Clymene_Dolphin,train
Clymene_Dolphin/8300604N.wav,Clymene_Dolphin,train
Clymene_Dolphin/8300600E.wav,Clymene_Dolphin,train
Clymene_Dolphin/8303501L.wav,Clymene_Dolphin,train
Clymene_Dolphin/83006047.wav,Clymene_Dolphin,train
Clymene_Dolphin/8303503P.wav,Clymene_Dolphin,train
Clymene_Dolphin/8300604D.wav,Clymene_Dolphin,train
Clymene_Dolphin/8303503N.wav,Clymene_Dolphin,train
Clymene_Dolphin/83006009.wav,Clymene_Dolphin,train
Clymene_Dolphin/8300602M.wav,Clymene_Dolphin,train
Clymene_Dolphin/8300603U.wav,Clymene_Dolphin,train
Clymene_Dolphin/8303501W.wav,Clymene_Dolphin,train
Clymene_Dolphin/8300604K.wav,Clymene_Dolphin,train
Clymene_Dolphin/8300604H.wav,Clymene_Dolphin,train
Clymene_Dolphin/8300604Q.wav,Clymene_Dolphin,train
Clymene_Dolphin/8303503Q.wav,Clymene_Dolphin,train
Clymene_Dolphin/83035006.wav,Clymene_Dolphin,train
Clymene_Dolphin/8300601V.wav,Clymene_Dolphin,train
Clymene_Dolphin/8300602B.wav,Clymene_Dolphin,train
Clymene_Dolphin/8300604J.wav,Clymene_Dolphin,train
Clymene_Dolphin/8300602T.wav,Clymene_Dolphin,train
Clymene_Dolphin/8300604S.wav,Clymene_Dolphin,train
Clymene_Dolphin/8300604F.wav,Clymene_Dolphin,train
Clymene_Dolphin/8300601G.wav,Clymene_Dolphin,train
Bottlenose_Dolphin/89514017.wav,Bottlenose_Dolphin,train
Bottlenose_Dolphin/5600600A.wav,Bottlenose_Dolphin,train
Bottlenose_Dolphin/89514011.wav,Bottlenose_Dolphin,train
Bottlenose_Dolphin/89514005.wav,Bottlenose_Dolphin,train
Bottlenose_Dolphin/89514012.wav,Bottlenose_Dolphin,train
Bottlenose_Dolphin/5600600E.wav,Bottlenose_Dolphin,train
Bottlenose_Dolphin/89514002.wav,Bottlenose_Dolphin,train
Bottlenose_Dolphin/89514004.wav,Bottlenose_Dolphin,train
Bottlenose_Dolphin/56006004.wav,Bottlenose_Dolphin,train
Bottlenose_Dolphin/89514014.wav,Bottlenose_Dolphin,train
Bottlenose_Dolphin/56006001.wav,Bottlenose_Dolphin,train
Bottlenose_Dolphin/56006002.wav,Bottlenose_Dolphin,train
Bottlenose_Dolphin/5600600D.wav,Bottlenose_Dolphin,train
Bottlenose_Dolphin/5600600B.wav,Bottlenose_Dolphin,train
Bottlenose_Dolphin/89514013.wav,Bottlenose_Dolphin,train
Spinner_Dolphin/7100800Z.wav,Spinner_Dolphin,train
Spinner_Dolphin/71001010.wav,Spinner_Dolphin,train
Spinner_Dolphin/7100300L.wav,Spinner_Dolphin,train
Spinner_Dolphin/7100801J.wav,Spinner_Dolphin,train
Spinner_Dolphin/71003009.wav,Spinner_Dolphin,train
Spinner_Dolphin/71003005.wav,Spinner_Dolphin,train
Spinner_Dolphin/71008002.wav,Spinner_Dolphin,train
Spinner_Dolphin/71008009.wav,Spinner_Dolphin,train
Spinner_Dolphin/7100801I.wav,Spinner_Dolphin,train
Spinner_Dolphin/7100801E.wav,Spinner_Dolphin,train
Spinner_Dolphin/7100300A.wav,Spinner_Dolphin,train
Spinner_Dolphin/7100300O.wav,Spinner_Dolphin,train
Spinner_Dolphin/71004015.wav,Spinner_Dolphin,train
Spinner_Dolphin/7100801M.wav,Spinner_Dolphin,train
Spinner_Dolphin/71001024.wav,Spinner_Dolphin,train
Spinner_Dolphin/71004009.wav,Spinner_Dolphin,train
Spinner_Dolphin/71001038.wav,Spinner_Dolphin,train
Spinner_Dolphin/7100101K.wav,Spinner_Dolphin,train
Spinner_Dolphin/71004017.wav,Spinner_Dolphin,train
Spinner_Dolphin/7100801L.wav,Spinner_Dolphin,train
Spinner_Dolphin/7100101R.wav,Spinner_Dolphin,train
Spinner_Dolphin/7100102S.wav,Spinner_Dolphin,train
Spinner_Dolphin/7100300E.wav,Spinner_Dolphin,train
Spinner_Dolphin/7100800D.wav,Spinner_Dolphin,train
Spinner_Dolphin/7100300I.wav,Spinner_Dolphin,train
Spinner_Dolphin/7100103C.wav,Spinner_Dolphin,train
Spinner_Dolphin/7100102W.wav,Spinner_Dolphin,train
Spinner_Dolphin/7101001C.wav,Spinner_Dolphin,train
Spinner_Dolphin/7100100X.wav,Spinner_Dolphin,train
Spinner_Dolphin/7100300H.wav,Spinner_Dolphin,train
Spinner_Dolphin/7100103G.wav,Spinner_Dolphin,train
Spinner_Dolphin/7100101J.wav,Spinner_Dolphin,train
Spinner_Dolphin/71001039.wav,Spinner_Dolphin,train
Spinner_Dolphin/7100300D.wav,Spinner_Dolphin,train
Spinner_Dolphin/7100401H.wav,Spinner_Dolphin,train
Spinner_Dolphin/7100300T.wav,Spinner_Dolphin,train
Spinner_Dolphin/7100103E.wav,Spinner_Dolphin,train
Spinner_Dolphin/7100401C.wav,Spinner_Dolphin,train
Spinner_Dolphin/7100300W.wav,Spinner_Dolphin,train
Spinner_Dolphin/71001032.wav,Spinner_Dolphin,train
Spinner_Dolphin/7100300N.wav,Spinner_Dolphin,train
Spinner_Dolphin/7100101V.wav,Spinner_Dolphin,train
Spinner_Dolphin/7100101I.wav,Spinner_Dolphin,train
Spinner_Dolphin/71003007.wav,Spinner_Dolphin,train
Spinner_Dolphin/7100103A.wav,Spinner_Dolphin,train
Spinner_Dolphin/7100801O.wav,Spinner_Dolphin,train
Spinner_Dolphin/7100300G.wav,Spinner_Dolphin,train
Spinner_Dolphin/7100101A.wav,Spinner_Dolphin,train
Spinner_Dolphin/7100300J.wav,Spinner_Dolphin,train
Spinner_Dolphin/71010007.wav,Spinner_Dolphin,train
Spinner_Dolphin/7100300Q.wav,Spinner_Dolphin,train
Spinner_Dolphin/71008001.wav,Spinner_Dolphin,train
Spinner_Dolphin/71003006.wav,Spinner_Dolphin,train
Spinner_Dolphin/7100100N.wav,Spinner_Dolphin,train
Spinner_Dolphin/7100901A.wav,Spinner_Dolphin,train
Spinner_Dolphin/71001022.wav,Spinner_Dolphin,train
Spinner_Dolphin/7100401E.wav,Spinner_Dolphin,train
Spinner_Dolphin/71001034.wav,Spinner_Dolphin,train
Spinner_Dolphin/7100300B.wav,Spinner_Dolphin,train
Spinner_Dolphin/7100101O.wav,Spinner_Dolphin,train
Spinner_Dolphin/7100800L.wav,Spinner_Dolphin,train
Spinner_Dolphin/7100100Z.wav,Spinner_Dolphin,train
Spinner_Dolphin/71003002.wav,Spinner_Dolphin,train
Spinner_Dolphin/7100300S.wav,Spinner_Dolphin,train
Spinner_Dolphin/71010018.wav,Spinner_Dolphin,train
Spinner_Dolphin/71003008.wav,Spinner_Dolphin,train
Spinner_Dolphin/71004019.wav,Spinner_Dolphin,train
Spinner_Dolphin/7101001E.wav,Spinner_Dolphin,train
Spinner_Dolphin/7100103D.wav,Spinner_Dolphin,train
"Beluga,_White_Whale/6202200E.wav","Beluga,_White_Whale",train
"Beluga,_White_Whale/6503300C.wav","Beluga,_White_Whale",train
"Beluga,_White_Whale/6503000F.wav","Beluga,_White_Whale",train
"Beluga,_White_Whale/62019007.wav","Beluga,_White_Whale",train
"Beluga,_White_Whale/6503000H.wav","Beluga,_White_Whale",train
"Beluga,_White_Whale/6202600D.wav","Beluga,_White_Whale",train
"Beluga,_White_Whale/65033004.wav","Beluga,_White_Whale",train
"Beluga,_White_Whale/6503300D.wav","Beluga,_White_Whale",train
"Beluga,_White_Whale/6503300K.wav","Beluga,_White_Whale",train
"Beluga,_White_Whale/62022018.wav","Beluga,_White_Whale",train
"Beluga,_White_Whale/6202200Q.wav","Beluga,_White_Whale",train
"Beluga,_White_Whale/6202200W.wav","Beluga,_White_Whale",train
"Beluga,_White_Whale/62022014.wav","Beluga,_White_Whale",train
"Beluga,_White_Whale/6503300E.wav","Beluga,_White_Whale",train
"Beluga,_White_Whale/65033003.wav","Beluga,_White_Whale",train
"Beluga,_White_Whale/62026001.wav","Beluga,_White_Whale",train
"Beluga,_White_Whale/62019001.wav","Beluga,_White_Whale",train
"Beluga,_White_Whale/6503300J.wav","Beluga,_White_Whale",train
"Beluga,_White_Whale/63015006.wav","Beluga,_White_Whale",train
"Beluga,_White_Whale/63015002.wav","Beluga,_White_Whale",train
"Beluga,_White_Whale/62022013.wav","Beluga,_White_Whale",train
"Beluga,_White_Whale/62026002.wav","Beluga,_White_Whale",train
"Beluga,_White_Whale/62022017.wav","Beluga,_White_Whale",train
"Beluga,_White_Whale/65033002.wav","Beluga,_White_Whale",train
"Beluga,_White_Whale/6202200T.wav","Beluga,_White_Whale",train
"Beluga,_White_Whale/65033007.wav","Beluga,_White_Whale",train
"Beluga,_White_Whale/63015001.wav","Beluga,_White_Whale",train
"Beluga,_White_Whale/6503000G.wav","Beluga,_White_Whale",train
"Beluga,_White_Whale/62026009.wav","Beluga,_White_Whale",train
"Beluga,_White_Whale/62026006.wav","Beluga,_White_Whale",train
Bearded_Seal/66038004.wav,Bearded_Seal,train
Bearded_Seal/66038001.wav,Bearded_Seal,train
Bearded_Seal/66038003.wav,Bearded_Seal,train
Bearded_Seal/71012007.wav,Bearded_Seal,train
Bearded_Seal/71012009.wav,Bearded_Seal,train
Bearded_Seal/71012006.wav,Bearded_Seal,train
Bearded_Seal/70025003.wav,Bearded_Seal,train
Bearded_Seal/7801800J.wav,Bearded_Seal,train
Bearded_Seal/71012004.wav,Bearded_Seal,train
Bearded_Seal/7801800B.wav,Bearded_Seal,train
Bearded_Seal/66038005.wav,Bearded_Seal,train
Bearded_Seal/70025008.wav,Bearded_Seal,train
Bearded_Seal/7801800H.wav,Bearded_Seal,train
Bearded_Seal/71012002.wav,Bearded_Seal,train
Bearded_Seal/71012005.wav,Bearded_Seal,train
Bearded_Seal/71012001.wav,Bearded_Seal,train
Bearded_Seal/70025001.wav,Bearded_Seal,train
Bearded_Seal/78018002.wav,Bearded_Seal,train
Bearded_Seal/70025004.wav,Bearded_Seal,train
Bearded_Seal/70025009.wav,Bearded_Seal,train
Bearded_Seal/7801800D.wav,Bearded_Seal,train
Bearded_Seal/7202100T.wav,Bearded_Seal,train
Minke_Whale/64103004.wav,Minke_Whale,train
Minke_Whale/64104003.wav,Minke_Whale,train
Minke_Whale/6410300B.wav,Minke_Whale,train
Minke_Whale/64104005.wav,Minke_Whale,train
Minke_Whale/64103005.wav,Minke_Whale,train
Minke_Whale/64103009.wav,Minke_Whale,train
Minke_Whale/64104004.wav,Minke_Whale,train
Minke_Whale/64103006.wav,Minke_Whale,train
Minke_Whale/64104001.wav,Minke_Whale,train
Minke_Whale/64103001.wav,Minke_Whale,train
Humpback_Whale/63019018.wav,Humpback_Whale,train
Humpback_Whale/6301901U.wav,Humpback_Whale,train
Humpback_Whale/6304300N.wav,Humpback_Whale,train
Humpback_Whale/6301901A.wav,Humpback_Whale,train
Humpback_Whale/6304300F.wav,Humpback_Whale,train
Humpback_Whale/63019007.wav,Humpback_Whale,train
Humpback_Whale/55113002.wav,Humpback_Whale,train
Humpback_Whale/55113004.wav,Humpback_Whale,train
Humpback_Whale/63019001.wav,Humpback_Whale,train
Humpback_Whale/63019005.wav,Humpback_Whale,train
Humpback_Whale/55113003.wav,Humpback_Whale,train
Humpback_Whale/6301901T.wav,Humpback_Whale,train
Humpback_Whale/9220100D.wav,Humpback_Whale,train
Humpback_Whale/55113007.wav,Humpback_Whale,train
Humpback_Whale/9220100Z.wav,Humpback_Whale,train
Humpback_Whale/6301901E.wav,Humpback_Whale,train
Humpback_Whale/6301901C.wav,Humpback_Whale,train
Humpback_Whale/63019002.wav,Humpback_Whale,train
Humpback_Whale/63019014.wav,Humpback_Whale,train
Humpback_Whale/92201002.wav,Humpback_Whale,train
Humpback_Whale/63019004.wav,Humpback_Whale,train
Humpback_Whale/6301901H.wav,Humpback_Whale,train
Humpback_Whale/63019017.wav,Humpback_Whale,train
Humpback_Whale/9220100B.wav,Humpback_Whale,train
Humpback_Whale/9220100Q.wav,Humpback_Whale,train
Humpback_Whale/9220100V.wav,Humpback_Whale,train
Humpback_Whale/9220100W.wav,Humpback_Whale,train
Humpback_Whale/6304300K.wav,Humpback_Whale,train
Humpback_Whale/6301900Z.wav,Humpback_Whale,train
Humpback_Whale/6301900Y.wav,Humpback_Whale,train
Humpback_Whale/63019019.wav,Humpback_Whale,train
Humpback_Whale/6304300O.wav,Humpback_Whale,train
Humpback_Whale/6301900W.wav,Humpback_Whale,train
Humpback_Whale/5511300F.wav,Humpback_Whale,train
Humpback_Whale/6301901B.wav,Humpback_Whale,train
Humpback_Whale/9220100F.wav,Humpback_Whale,train
Humpback_Whale/92201001.wav,Humpback_Whale,train
Humpback_Whale/63019010.wav,Humpback_Whale,train
Southern_Right_Whale/7900200R.wav,Southern_Right_Whale,train
Southern_Right_Whale/8300200C.wav,Southern_Right_Whale,train
Southern_Right_Whale/79002010.wav,Southern_Right_Whale,train
Southern_Right_Whale/7900200K.wav,Southern_Right_Whale,train
Southern_Right_Whale/7900200X.wav,Southern_Right_Whale,train
Southern_Right_Whale/8300200A.wav,Southern_Right_Whale,train
Southern_Right_Whale/7900200L.wav,Southern_Right_Whale,train
Southern_Right_Whale/7900200S.wav,Southern_Right_Whale,train
Southern_Right_Whale/7900200Z.wav,Southern_Right_Whale,train
Southern_Right_Whale/83002002.wav,Southern_Right_Whale,train
Southern_Right_Whale/79002007.wav,Southern_Right_Whale,train
Southern_Right_Whale/79002011.wav,Southern_Right_Whale,train
Southern_Right_Whale/83002004.wav,Southern_Right_Whale,train
Southern_Right_Whale/79002004.wav,Southern_Right_Whale,train
Southern_Right_Whale/7900200T.wav,Southern_Right_Whale,train
White-sided_Dolphin/6107200O.wav,White-sided_Dolphin,train
White-sided_Dolphin/6107200T.wav,White-sided_Dolphin,train
White-sided_Dolphin/6107202O.wav,White-sided_Dolphin,train
White-sided_Dolphin/7500103V.wav,White-sided_Dolphin,train
White-sided_Dolphin/61072013.wav,White-sided_Dolphin,train
White-sided_Dolphin/79004007.wav,White-sided_Dolphin,train
White-sided_Dolphin/79006017.wav,White-sided_Dolphin,train
White-sided_Dolphin/6107200E.wav,White-sided_Dolphin,train
White-sided_Dolphin/7500102G.wav,White-sided_Dolphin,train
White-sided_Dolphin/61072004.wav,White-sided_Dolphin,train
White-sided_Dolphin/6107202K.wav,White-sided_Dolphin,train
White-sided_Dolphin/6107200H.wav,White-sided_Dolphin,train
White-sided_Dolphin/6107200R.wav,White-sided_Dolphin,train
White-sided_Dolphin/7500102R.wav,White-sided_Dolphin,train
White-sided_Dolphin/6107202L.wav,White-sided_Dolphin,train
White-sided_Dolphin/7500101P.wav,White-sided_Dolphin,train
White-sided_Dolphin/75001021.wav,White-sided_Dolphin,train
White-sided_Dolphin/6107201P.wav,White-sided_Dolphin,train
White-sided_Dolphin/7500101N.wav,White-sided_Dolphin,train
White-sided_Dolphin/61072020.wav,White-sided_Dolphin,train
White-sided_Dolphin/7500103D.wav,White-sided_Dolphin,train
White-sided_Dolphin/6107200Z.wav,White-sided_Dolphin,train
White-sided_Dolphin/6107202N.wav,White-sided_Dolphin,train
White-sided_Dolphin/75001019.wav,White-sided_Dolphin,train
White-sided_Dolphin/7500102H.wav,White-sided_Dolphin,train
White-sided_Dolphin/6107200M.wav,White-sided_Dolphin,train
White-sided_Dolphin/6107201X.wav,White-sided_Dolphin,train
White-sided_Dolphin/79006015.wav,White-sided_Dolphin,train
White-sided_Dolphin/61072032.wav,White-sided_Dolphin,train
White-sided_Dolphin/79006018.wav,White-sided_Dolphin,train
White-sided_Dolphin/6107202R.wav,White-sided_Dolphin,train
White-sided_Dolphin/7500100Y.wav,White-sided_Dolphin,train
White-sided_Dolphin/61072006.wav,White-sided_Dolphin,train
Narwhal/75014014.wav,Narwhal,train
Narwhal/6804000D.wav,Narwhal,train
Narwhal/75014015.wav,Narwhal,train
Narwhal/75014016.wav,Narwhal,train
Narwhal/7501400T.wav,Narwhal,train
Narwhal/6804000S.wav,Narwhal,train
Narwhal/75014010.wav,Narwhal,train
Narwhal/75014003.wav,Narwhal,train
Narwhal/75014011.wav,Narwhal,train
Narwhal/7501400W.wav,Narwhal,train
Narwhal/6800200A.wav,Narwhal,train
Narwhal/7501400M.wav,Narwhal,train
Narwhal/7501400U.wav,Narwhal,train
Narwhal/75014006.wav,Narwhal,train
Narwhal/7501400N.wav,Narwhal,train
Narwhal/6804000Q.wav,Narwhal,train
Narwhal/6800200C.wav,Narwhal,train
Narwhal/7501400F.wav,Narwhal,train
Narwhal/6800200G.wav,Narwhal,train
Narwhal/7501400V.wav,Narwhal,train
Narwhal/7501400Y.wav,Narwhal,train
Narwhal/7501400S.wav,Narwhal,train
Narwhal/7501400I.wav,Narwhal,train
Narwhal/7501400A.wav,Narwhal,train
Narwhal/6800200B.wav,Narwhal,train
Narwhal/6800200F.wav,Narwhal,train
Narwhal/7501400L.wav,Narwhal,train
Narwhal/7501400K.wav,Narwhal,train
Narwhal/7501400Z.wav,Narwhal,train
Narwhal/7501400R.wav,Narwhal,train
White-beaked_Dolphin/59037012.wav,White-beaked_Dolphin,train
White-beaked_Dolphin/7200500V.wav,White-beaked_Dolphin,train
White-beaked_Dolphin/5903700Q.wav,White-beaked_Dolphin,train
White-beaked_Dolphin/5903700J.wav,White-beaked_Dolphin,train
White-beaked_Dolphin/7001400V.wav,White-beaked_Dolphin,train
White-beaked_Dolphin/59037016.wav,White-beaked_Dolphin,train
White-beaked_Dolphin/7001300G.wav,White-beaked_Dolphin,train
White-beaked_Dolphin/59037005.wav,White-beaked_Dolphin,train
White-beaked_Dolphin/59037013.wav,White-beaked_Dolphin,train
White-beaked_Dolphin/7200500E.wav,White-beaked_Dolphin,train
White-beaked_Dolphin/5903700G.wav,White-beaked_Dolphin,train
White-beaked_Dolphin/7200500H.wav,White-beaked_Dolphin,train
White-beaked_Dolphin/70014014.wav,White-beaked_Dolphin,train
White-beaked_Dolphin/7001400T.wav,White-beaked_Dolphin,train
White-beaked_Dolphin/7200500W.wav,White-beaked_Dolphin,train
White-beaked_Dolphin/7001300E.wav,White-beaked_Dolphin,train
White-beaked_Dolphin/70005002.wav,White-beaked_Dolphin,train
White-beaked_Dolphin/70014011.wav,White-beaked_Dolphin,train
White-beaked_Dolphin/7001300B.wav,White-beaked_Dolphin,train
White-beaked_Dolphin/59037014.wav,White-beaked_Dolphin,train
White-beaked_Dolphin/7200500F.wav,White-beaked_Dolphin,train
White-beaked_Dolphin/70006003.wav,White-beaked_Dolphin,train
White-beaked_Dolphin/7001400X.wav,White-beaked_Dolphin,train
White-beaked_Dolphin/72005004.wav,White-beaked_Dolphin,train
White-beaked_Dolphin/7200500U.wav,White-beaked_Dolphin,train
White-beaked_Dolphin/72005005.wav,White-beaked_Dolphin,train
White-beaked_Dolphin/7200500M.wav,White-beaked_Dolphin,train
White-beaked_Dolphin/7200500N.wav,White-beaked_Dolphin,train
White-beaked_Dolphin/7200500Y.wav,White-beaked_Dolphin,train
White-beaked_Dolphin/7200500G.wav,White-beaked_Dolphin,train
White-beaked_Dolphin/5903700S.wav,White-beaked_Dolphin,train
White-beaked_Dolphin/5903700N.wav,White-beaked_Dolphin,train
White-beaked_Dolphin/7001400Z.wav,White-beaked_Dolphin,train
White-beaked_Dolphin/5903700K.wav,White-beaked_Dolphin,train
Northern_Right_Whale/56028001.wav,Northern_Right_Whale,train
Northern_Right_Whale/81014034.wav,Northern_Right_Whale,train
Northern_Right_Whale/7001800H.wav,Northern_Right_Whale,train
Northern_Right_Whale/56017018.wav,Northern_Right_Whale,train
Northern_Right_Whale/8101402I.wav,Northern_Right_Whale,train
Northern_Right_Whale/8101402F.wav,Northern_Right_Whale,train
Northern_Right_Whale/56017010.wav,Northern_Right_Whale,train
Northern_Right_Whale/7001800U.wav,Northern_Right_Whale,train
Northern_Right_Whale/81013007.wav,Northern_Right_Whale,train
Northern_Right_Whale/5602600A.wav,Northern_Right_Whale,train
Northern_Right_Whale/74003004.wav,Northern_Right_Whale,train
Northern_Right_Whale/74003001.wav,Northern_Right_Whale,train
Northern_Right_Whale/56018004.wav,Northern_Right_Whale,train
Northern_Right_Whale/8101403Z.wav,Northern_Right_Whale,train
Northern_Right_Whale/5601700B.wav,Northern_Right_Whale,train
Northern_Right_Whale/56018002.wav,Northern_Right_Whale,train
Northern_Right_Whale/56018001.wav,Northern_Right_Whale,train
Northern_Right_Whale/8101403B.wav,Northern_Right_Whale,train
Northern_Right_Whale/70014002.wav,Northern_Right_Whale,train
Northern_Right_Whale/56017007.wav,Northern_Right_Whale,train
Northern_Right_Whale/56025006.wav,Northern_Right_Whale,train
Northern_Right_Whale/81014029.wav,Northern_Right_Whale,train
Northern_Right_Whale/5900300A.wav,Northern_Right_Whale,train
Northern_Right_Whale/5900300J.wav,Northern_Right_Whale,train
Northern_Right_Whale/5601700F.wav,Northern_Right_Whale,train
Northern_Right_Whale/56026002.wav,Northern_Right_Whale,train
Northern_Right_Whale/59004002.wav,Northern_Right_Whale,train
Northern_Right_Whale/5900300O.wav,Northern_Right_Whale,train
Northern_Right_Whale/81015005.wav,Northern_Right_Whale,train
Northern_Right_Whale/56017008.wav,Northern_Right_Whale,train
Northern_Right_Whale/59005004.wav,Northern_Right_Whale,train
Northern_Right_Whale/5900300M.wav,Northern_Right_Whale,train
Frasers_Dolphin/9101301D.wav,Frasers_Dolphin,train
Frasers_Dolphin/9101301B.wav,Frasers_Dolphin,train
Frasers_Dolphin/91010014.wav,Frasers_Dolphin,train
Frasers_Dolphin/9101001Q.wav,Frasers_Dolphin,train
Frasers_Dolphin/9101001X.wav,Frasers_Dolphin,train
Frasers_Dolphin/91010010.wav,Frasers_Dolphin,train
Frasers_Dolphin/91008005.wav,Frasers_Dolphin,train
Frasers_Dolphin/9101000W.wav,Frasers_Dolphin,train
Frasers_Dolphin/9101300X.wav,Frasers_Dolphin,train
Frasers_Dolphin/9101301I.wav,Frasers_Dolphin,train
Frasers_Dolphin/9101002B.wav,Frasers_Dolphin,train
Frasers_Dolphin/9101300U.wav,Frasers_Dolphin,train
Frasers_Dolphin/9101001Z.wav,Frasers_Dolphin,train
Frasers_Dolphin/9100800B.wav,Frasers_Dolphin,train
Frasers_Dolphin/9101301G.wav,Frasers_Dolphin,train
Frasers_Dolphin/91010004.wav,Frasers_Dolphin,train
Frasers_Dolphin/9101301O.wav,Frasers_Dolphin,train
Frasers_Dolphin/91010022.wav,Frasers_Dolphin,train
Frasers_Dolphin/9101001T.wav,Frasers_Dolphin,train
Frasers_Dolphin/9101301K.wav,Frasers_Dolphin,train
Frasers_Dolphin/91008009.wav,Frasers_Dolphin,train
Frasers_Dolphin/9101000K.wav,Frasers_Dolphin,train
Frasers_Dolphin/9101300I.wav,Frasers_Dolphin,train
Frasers_Dolphin/9101300D.wav,Frasers_Dolphin,train
Frasers_Dolphin/9101000X.wav,Frasers_Dolphin,train
Frasers_Dolphin/9101300H.wav,Frasers_Dolphin,train
Frasers_Dolphin/9101300Y.wav,Frasers_Dolphin,train
Frasers_Dolphin/91013005.wav,Frasers_Dolphin,train
Frasers_Dolphin/91013004.wav,Frasers_Dolphin,train
Frasers_Dolphin/91010027.wav,Frasers_Dolphin,train
Frasers_Dolphin/9101300N.wav,Frasers_Dolphin,train
Frasers_Dolphin/91010025.wav,Frasers_Dolphin,train
Frasers_Dolphin/9101001V.wav,Frasers_Dolphin,train
Frasers_Dolphin/91010020.wav,Frasers_Dolphin,train
Frasers_Dolphin/9101301C.wav,Frasers_Dolphin,train
Frasers_Dolphin/9101000F.wav,Frasers_Dolphin,train
Frasers_Dolphin/91013001.wav,Frasers_Dolphin,train
Frasers_Dolphin/9100800E.wav,Frasers_Dolphin,train
Frasers_Dolphin/9101001O.wav,Frasers_Dolphin,train
Frasers_Dolphin/9100800A.wav,Frasers_Dolphin,train
Frasers_Dolphin/9101001R.wav,Frasers_Dolphin,train
Frasers_Dolphin/91013003.wav,Frasers_Dolphin,train
Frasers_Dolphin/9101000Y.wav,Frasers_Dolphin,train
Frasers_Dolphin/91010029.wav,Frasers_Dolphin,train
Frasers_Dolphin/9101002C.wav,Frasers_Dolphin,train
Frasers_Dolphin/9101001P.wav,Frasers_Dolphin,train
Frasers_Dolphin/9101301L.wav,Frasers_Dolphin,train
Frasers_Dolphin/9101000H.wav,Frasers_Dolphin,train
Frasers_Dolphin/9101001W.wav,Frasers_Dolphin,train
Frasers_Dolphin/9101300B.wav,Frasers_Dolphin,train
Frasers_Dolphin/9100800F.wav,Frasers_Dolphin,train
Frasers_Dolphin/9101300K.wav,Frasers_Dolphin,train
"Grampus,_Rissos_Dolphin/59030033.wav","Grampus,_Rissos_Dolphin",train
"Grampus,_Rissos_Dolphin/59029003.wav","Grampus,_Rissos_Dolphin",train
"Grampus,_Rissos_Dolphin/5903002D.wav","Grampus,_Rissos_Dolphin",train
"Grampus,_Rissos_Dolphin/59030024.wav","Grampus,_Rissos_Dolphin",train
"Grampus,_Rissos_Dolphin/5903001Y.wav","Grampus,_Rissos_Dolphin",train
"Grampus,_Rissos_Dolphin/59030026.wav","Grampus,_Rissos_Dolphin",train
"Grampus,_Rissos_Dolphin/5903002T.wav","Grampus,_Rissos_Dolphin",train
"Grampus,_Rissos_Dolphin/5902900M.wav","Grampus,_Rissos_Dolphin",train
"Grampus,_Rissos_Dolphin/59030036.wav","Grampus,_Rissos_Dolphin",train
"Grampus,_Rissos_Dolphin/5903002G.wav","Grampus,_Rissos_Dolphin",train
"Grampus,_Rissos_Dolphin/85009008.wav","Grampus,_Rissos_Dolphin",train
"Grampus,_Rissos_Dolphin/59030001.wav","Grampus,_Rissos_Dolphin",train
"Grampus,_Rissos_Dolphin/5903000W.wav","Grampus,_Rissos_Dolphin",train
"Grampus,_Rissos_Dolphin/8700400E.wav","Grampus,_Rissos_Dolphin",train
"Grampus,_Rissos_Dolphin/8500900T.wav","Grampus,_Rissos_Dolphin",train
"Grampus,_Rissos_Dolphin/85009009.wav","Grampus,_Rissos_Dolphin",train
"Grampus,_Rissos_Dolphin/5903000Z.wav","Grampus,_Rissos_Dolphin",train
"Grampus,_Rissos_Dolphin/8500900N.wav","Grampus,_Rissos_Dolphin",train
"Grampus,_Rissos_Dolphin/8500900I.wav","Grampus,_Rissos_Dolphin",train
"Grampus,_Rissos_Dolphin/8500900U.wav","Grampus,_Rissos_Dolphin",train
"Grampus,_Rissos_Dolphin/59029014.wav","Grampus,_Rissos_Dolphin",train
"Grampus,_Rissos_Dolphin/5902900U.wav","Grampus,_Rissos_Dolphin",train
"Grampus,_Rissos_Dolphin/85009002.wav","Grampus,_Rissos_Dolphin",train
"Grampus,_Rissos_Dolphin/59029010.wav","Grampus,_Rissos_Dolphin",train
"Grampus,_Rissos_Dolphin/5903000C.wav","Grampus,_Rissos_Dolphin",train
"Grampus,_Rissos_Dolphin/59029002.wav","Grampus,_Rissos_Dolphin",train
"Grampus,_Rissos_Dolphin/5902900Y.wav","Grampus,_Rissos_Dolphin",train
"Grampus,_Rissos_Dolphin/8500900L.wav","Grampus,_Rissos_Dolphin",train
"Grampus,_Rissos_Dolphin/85009005.wav","Grampus,_Rissos_Dolphin",train
"Grampus,_Rissos_Dolphin/59030032.wav","Grampus,_Rissos_Dolphin",train
"Grampus,_Rissos_Dolphin/85009001.wav","Grampus,_Rissos_Dolphin",train
"Grampus,_Rissos_Dolphin/59030035.wav","Grampus,_Rissos_Dolphin",train
"Grampus,_Rissos_Dolphin/5903002Q.wav","Grampus,_Rissos_Dolphin",train
"Grampus,_Rissos_Dolphin/8500900R.wav","Grampus,_Rissos_Dolphin",train
"Grampus,_Rissos_Dolphin/8500900S.wav","Grampus,_Rissos_Dolphin",train
"Grampus,_Rissos_Dolphin/59030023.wav","Grampus,_Rissos_Dolphin",train
"Grampus,_Rissos_Dolphin/59030003.wav","Grampus,_Rissos_Dolphin",train
"Grampus,_Rissos_Dolphin/59029016.wav","Grampus,_Rissos_Dolphin",train
"Grampus,_Rissos_Dolphin/8500900Q.wav","Grampus,_Rissos_Dolphin",train
"Grampus,_Rissos_Dolphin/5902900W.wav","Grampus,_Rissos_Dolphin",train
Harp_Seal/6701000H.wav,Harp_Seal,train
Harp_Seal/67009004.wav,Harp_Seal,train
Harp_Seal/67010002.wav,Harp_Seal,train
Harp_Seal/67010008.wav,Harp_Seal,train
Harp_Seal/6700900K.wav,Harp_Seal,train
Harp_Seal/67010007.wav,Harp_Seal,train
Harp_Seal/6701000D.wav,Harp_Seal,train
Harp_Seal/6700900I.wav,Harp_Seal,train
Harp_Seal/67010003.wav,Harp_Seal,train
Harp_Seal/67009007.wav,Harp_Seal,train
Harp_Seal/67009008.wav,Harp_Seal,train
Harp_Seal/67009005.wav,Harp_Seal,train
Harp_Seal/67009002.wav,Harp_Seal,train
Harp_Seal/6701000A.wav,Harp_Seal,train
Harp_Seal/6701000G.wav,Harp_Seal,train
Harp_Seal/67009009.wav,Harp_Seal,train
Harp_Seal/67009001.wav,Harp_Seal,train
Harp_Seal/6700900W.wav,Harp_Seal,train
Harp_Seal/67010006.wav,Harp_Seal,train
Harp_Seal/6700900U.wav,Harp_Seal,train
Harp_Seal/6700900M.wav,Harp_Seal,train
Harp_Seal/67008008.wav,Harp_Seal,train
Harp_Seal/67010009.wav,Harp_Seal,train
Harp_Seal/6700900R.wav,Harp_Seal,train
Harp_Seal/6700900L.wav,Harp_Seal,train
Harp_Seal/67010004.wav,Harp_Seal,train
Harp_Seal/6701000B.wav,Harp_Seal,train
Harp_Seal/6701000E.wav,Harp_Seal,train
Atlantic_Spotted_Dolphin/61025001.wav,Atlantic_Spotted_Dolphin,train
Atlantic_Spotted_Dolphin/61025008.wav,Atlantic_Spotted_Dolphin,train
Atlantic_Spotted_Dolphin/6102500N.wav,Atlantic_Spotted_Dolphin,train
Atlantic_Spotted_Dolphin/6102600G.wav,Atlantic_Spotted_Dolphin,train
Atlantic_Spotted_Dolphin/61026001.wav,Atlantic_Spotted_Dolphin,train
Atlantic_Spotted_Dolphin/6102603L.wav,Atlantic_Spotted_Dolphin,train
Atlantic_Spotted_Dolphin/6102500H.wav,Atlantic_Spotted_Dolphin,train
Atlantic_Spotted_Dolphin/61025004.wav,Atlantic_Spotted_Dolphin,train
Atlantic_Spotted_Dolphin/6102500B.wav,Atlantic_Spotted_Dolphin,train
Atlantic_Spotted_Dolphin/6102603Z.wav,Atlantic_Spotted_Dolphin,train
Atlantic_Spotted_Dolphin/61025003.wav,Atlantic_Spotted_Dolphin,train
Atlantic_Spotted_Dolphin/6102500M.wav,Atlantic_Spotted_Dolphin,train
Atlantic_Spotted_Dolphin/61026020.wav,Atlantic_Spotted_Dolphin,train
Atlantic_Spotted_Dolphin/6102603O.wav,Atlantic_Spotted_Dolphin,train
Atlantic_Spotted_Dolphin/61025007.wav,Atlantic_Spotted_Dolphin,train
Atlantic_Spotted_Dolphin/6102603W.wav,Atlantic_Spotted_Dolphin,train
Atlantic_Spotted_Dolphin/6102603F.wav,Atlantic_Spotted_Dolphin,train
Atlantic_Spotted_Dolphin/61026021.wav,Atlantic_Spotted_Dolphin,train
Atlantic_Spotted_Dolphin/6102500F.wav,Atlantic_Spotted_Dolphin,train
Atlantic_Spotted_Dolphin/6102600F.wav,Atlantic_Spotted_Dolphin,train
Atlantic_Spotted_Dolphin/6102602W.wav,Atlantic_Spotted_Dolphin,train
Atlantic_Spotted_Dolphin/61026002.wav,Atlantic_Spotted_Dolphin,train
Atlantic_Spotted_Dolphin/61025006.wav,Atlantic_Spotted_Dolphin,train
Atlantic_Spotted_Dolphin/6102500P.wav,Atlantic_Spotted_Dolphin,train
Atlantic_Spotted_Dolphin/6102500K.wav,Atlantic_Spotted_Dolphin,train
Atlantic_Spotted_Dolphin/61025002.wav,Atlantic_Spotted_Dolphin,train
Atlantic_Spotted_Dolphin/6102604K.wav,Atlantic_Spotted_Dolphin,train
Atlantic_Spotted_Dolphin/6102603X.wav,Atlantic_Spotted_Dolphin,train
Atlantic_Spotted_Dolphin/6102500Q.wav,Atlantic_Spotted_Dolphin,train
Atlantic_Spotted_Dolphin/6102500G.wav,Atlantic_Spotted_Dolphin,train
Atlantic_Spotted_Dolphin/6102602V.wav,Atlantic_Spotted_Dolphin,train
Atlantic_Spotted_Dolphin/6102602K.wav,Atlantic_Spotted_Dolphin,train
Atlantic_Spotted_Dolphin/6102500I.wav,Atlantic_Spotted_Dolphin,train
Atlantic_Spotted_Dolphin/6102500D.wav,Atlantic_Spotted_Dolphin,train
Atlantic_Spotted_Dolphin/61025009.wav,Atlantic_Spotted_Dolphin,train
"Fin,_Finback_Whale/6107900M.wav","Fin,_Finback_Whale",train
"Fin,_Finback_Whale/61079009.wav","Fin,_Finback_Whale",train
"Fin,_Finback_Whale/6107900G.wav","Fin,_Finback_Whale",train
"Fin,_Finback_Whale/7801400A.wav","Fin,_Finback_Whale",train
"Fin,_Finback_Whale/6106400O.wav","Fin,_Finback_Whale",train
"Fin,_Finback_Whale/61048007.wav","Fin,_Finback_Whale",train
"Fin,_Finback_Whale/6000900M.wav","Fin,_Finback_Whale",train
"Fin,_Finback_Whale/6107900C.wav","Fin,_Finback_Whale",train
"Fin,_Finback_Whale/61079005.wav","Fin,_Finback_Whale",train
"Fin,_Finback_Whale/61064008.wav","Fin,_Finback_Whale",train
"Fin,_Finback_Whale/6104700E.wav","Fin,_Finback_Whale",train
"Fin,_Finback_Whale/6107900J.wav","Fin,_Finback_Whale",train
"Fin,_Finback_Whale/6107900A.wav","Fin,_Finback_Whale",train
"Fin,_Finback_Whale/61048004.wav","Fin,_Finback_Whale",train
"Fin,_Finback_Whale/6106400F.wav","Fin,_Finback_Whale",train
"Fin,_Finback_Whale/6107900F.wav","Fin,_Finback_Whale",train
"Fin,_Finback_Whale/61064009.wav","Fin,_Finback_Whale",train
"Fin,_Finback_Whale/6106400L.wav","Fin,_Finback_Whale",train
"Fin,_Finback_Whale/78014008.wav","Fin,_Finback_Whale",train
"Fin,_Finback_Whale/6106400D.wav","Fin,_Finback_Whale",train
"Fin,_Finback_Whale/6107900B.wav","Fin,_Finback_Whale",train
"Fin,_Finback_Whale/6106400B.wav","Fin,_Finback_Whale",train
"Fin,_Finback_Whale/78014005.wav","Fin,_Finback_Whale",train
"Fin,_Finback_Whale/60009005.wav","Fin,_Finback_Whale",train
"Fin,_Finback_Whale/78014007.wav","Fin,_Finback_Whale",train
"Fin,_Finback_Whale/6107900E.wav","Fin,_Finback_Whale",train
"Fin,_Finback_Whale/61064006.wav","Fin,_Finback_Whale",train
"Fin,_Finback_Whale/6106400A.wav","Fin,_Finback_Whale",train
"Fin,_Finback_Whale/61039001.wav","Fin,_Finback_Whale",train
"Fin,_Finback_Whale/6107900N.wav","Fin,_Finback_Whale",train
Ross_Seal/66084004.wav,Ross_Seal,train
Ross_Seal/6608500I.wav,Ross_Seal,train
Ross_Seal/6608500E.wav,Ross_Seal,train
Ross_Seal/6608500Q.wav,Ross_Seal,train
Ross_Seal/66084003.wav,Ross_Seal,train
Ross_Seal/66002A03.wav,Ross_Seal,train
Ross_Seal/66084009.wav,Ross_Seal,train
Ross_Seal/6608500L.wav,Ross_Seal,train
Ross_Seal/6608500N.wav,Ross_Seal,train
Ross_Seal/6608400E.wav,Ross_Seal,train
Ross_Seal/6608500O.wav,Ross_Seal,train
Ross_Seal/6608400B.wav,Ross_Seal,train
Ross_Seal/66002A04.wav,Ross_Seal,train
Ross_Seal/66084008.wav,Ross_Seal,train
Ross_Seal/6608900G.wav,Ross_Seal,train
Ross_Seal/66084001.wav,Ross_Seal,train
Ross_Seal/6608500H.wav,Ross_Seal,train
Ross_Seal/6608500M.wav,Ross_Seal,train
Ross_Seal/6608500J.wav,Ross_Seal,train
Ross_Seal/66002A01.wav,Ross_Seal,train
Ross_Seal/6608500P.wav,Ross_Seal,train
Ross_Seal/6608400C.wav,Ross_Seal,train
Ross_Seal/66002A05.wav,Ross_Seal,train
Ross_Seal/66084007.wav,Ross_Seal,train
Ross_Seal/6608900A.wav,Ross_Seal,train
Ross_Seal/6608500R.wav,Ross_Seal,train
Ross_Seal/66034002.wav,Ross_Seal,train
Ross_Seal/6608900H.wav,Ross_Seal,train
Ross_Seal/6608500C.wav,Ross_Seal,train
Ross_Seal/6608900E.wav,Ross_Seal,train
Rough-Toothed_Dolphin/8501400M.wav,Rough-Toothed_Dolphin,train
Rough-Toothed_Dolphin/8501300R.wav,Rough-Toothed_Dolphin,train
Rough-Toothed_Dolphin/8501301J.wav,Rough-Toothed_Dolphin,train
Rough-Toothed_Dolphin/85013014.wav,Rough-Toothed_Dolphin,train
Rough-Toothed_Dolphin/8501300M.wav,Rough-Toothed_Dolphin,train
Rough-Toothed_Dolphin/8501400U.wav,Rough-Toothed_Dolphin,train
Rough-Toothed_Dolphin/8501300N.wav,Rough-Toothed_Dolphin,train
Rough-Toothed_Dolphin/8501400R.wav,Rough-Toothed_Dolphin,train
Rough-Toothed_Dolphin/8501300K.wav,Rough-Toothed_Dolphin,train
Rough-Toothed_Dolphin/85013009.wav,Rough-Toothed_Dolphin,train
Rough-Toothed_Dolphin/8501301C.wav,Rough-Toothed_Dolphin,train
Rough-Toothed_Dolphin/8501400N.wav,Rough-Toothed_Dolphin,train
Rough-Toothed_Dolphin/8501300T.wav,Rough-Toothed_Dolphin,train
Rough-Toothed_Dolphin/8501400L.wav,Rough-Toothed_Dolphin,train
Rough-Toothed_Dolphin/85013007.wav,Rough-Toothed_Dolphin,train
Rough-Toothed_Dolphin/8501400B.wav,Rough-Toothed_Dolphin,train
Rough-Toothed_Dolphin/8501400Y.wav,Rough-Toothed_Dolphin,train
Rough-Toothed_Dolphin/85013011.wav,Rough-Toothed_Dolphin,train
Rough-Toothed_Dolphin/85014006.wav,Rough-Toothed_Dolphin,train
Rough-Toothed_Dolphin/85014003.wav,Rough-Toothed_Dolphin,train
Rough-Toothed_Dolphin/8501300E.wav,Rough-Toothed_Dolphin,train
Rough-Toothed_Dolphin/8501400V.wav,Rough-Toothed_Dolphin,train
Rough-Toothed_Dolphin/85013019.wav,Rough-Toothed_Dolphin,train
Rough-Toothed_Dolphin/85014001.wav,Rough-Toothed_Dolphin,train
Rough-Toothed_Dolphin/8501301F.wav,Rough-Toothed_Dolphin,train
Rough-Toothed_Dolphin/85014007.wav,Rough-Toothed_Dolphin,train
Rough-Toothed_Dolphin/8501300H.wav,Rough-Toothed_Dolphin,train
Rough-Toothed_Dolphin/8501400T.wav,Rough-Toothed_Dolphin,train
Rough-Toothed_Dolphin/8501301D.wav,Rough-Toothed_Dolphin,train
Rough-Toothed_Dolphin/8501300Y.wav,Rough-Toothed_Dolphin,train
Killer_Whale/9761900T.wav,Killer_Whale,train
Killer_Whale/92304008.wav,Killer_Whale,train
Killer_Whale/97501009.wav,Killer_Whale,train
Killer_Whale/9750000S.wav,Killer_Whale,train
Killer_Whale/97503018.wav,Killer_Whale,train
Killer_Whale/64020003.wav,Killer_Whale,train
Killer_Whale/9230400D.wav,Killer_Whale,train
Killer_Whale/60026005.wav,Killer_Whale,train
Killer_Whale/60026001.wav,Killer_Whale,train
Killer_Whale/60026006.wav,Killer_Whale,train
Killer_Whale/6002600A.wav,Killer_Whale,train
Killer_Whale/97619015.wav,Killer_Whale,train
Killer_Whale/9750300Z.wav,Killer_Whale,train
Killer_Whale/9750300I.wav,Killer_Whale,train
Killer_Whale/9750301O.wav,Killer_Whale,train
Killer_Whale/92300013.wav,Killer_Whale,train
Killer_Whale/60026002.wav,Killer_Whale,train
Killer_Whale/64020001.wav,Killer_Whale,train
Killer_Whale/9230000L.wav,Killer_Whale,train
Killer_Whale/9769201Q.wav,Killer_Whale,train
Killer_Whale/9750300N.wav,Killer_Whale,train
Pantropical_Spotted_Dolphin/9005807P.wav,Pantropical_Spotted_Dolphin,train
Pantropical_Spotted_Dolphin/90028009.wav,Pantropical_Spotted_Dolphin,train
Pantropical_Spotted_Dolphin/6400501C.wav,Pantropical_Spotted_Dolphin,train
Pantropical_Spotted_Dolphin/9400800V.wav,Pantropical_Spotted_Dolphin,train
Pantropical_Spotted_Dolphin/9004401V.wav,Pantropical_Spotted_Dolphin,train
Pantropical_Spotted_Dolphin/64005019.wav,Pantropical_Spotted_Dolphin,train
Pantropical_Spotted_Dolphin/64005018.wav,Pantropical_Spotted_Dolphin,train
Pantropical_Spotted_Dolphin/9300100D.wav,Pantropical_Spotted_Dolphin,train
Pantropical_Spotted_Dolphin/9004400Y.wav,Pantropical_Spotted_Dolphin,train
Pantropical_Spotted_Dolphin/9004400O.wav,Pantropical_Spotted_Dolphin,train
Pantropical_Spotted_Dolphin/9400801I.wav,Pantropical_Spotted_Dolphin,train
Pantropical_Spotted_Dolphin/9004401Y.wav,Pantropical_Spotted_Dolphin,train
Pantropical_Spotted_Dolphin/94008085.wav,Pantropical_Spotted_Dolphin,train
Pantropical_Spotted_Dolphin/94008081.wav,Pantropical_Spotted_Dolphin,train
Pantropical_Spotted_Dolphin/9400807Y.wav,Pantropical_Spotted_Dolphin,train
Pantropical_Spotted_Dolphin/9400807V.wav,Pantropical_Spotted_Dolphin,train
Pantropical_Spotted_Dolphin/6400500D.wav,Pantropical_Spotted_Dolphin,train
Pantropical_Spotted_Dolphin/94008087.wav,Pantropical_Spotted_Dolphin,train
Pantropical_Spotted_Dolphin/94006004.wav,Pantropical_Spotted_Dolphin,train
Pantropical_Spotted_Dolphin/9400807Q.wav,Pantropical_Spotted_Dolphin,train
Pantropical_Spotted_Dolphin/90058068.wav,Pantropical_Spotted_Dolphin,train
Pantropical_Spotted_Dolphin/93001008.wav,Pantropical_Spotted_Dolphin,train
Pantropical_Spotted_Dolphin/94008010.wav,Pantropical_Spotted_Dolphin,train
Pantropical_Spotted_Dolphin/9004401W.wav,Pantropical_Spotted_Dolphin,train
Pantropical_Spotted_Dolphin/90028007.wav,Pantropical_Spotted_Dolphin,train
Pantropical_Spotted_Dolphin/64005016.wav,Pantropical_Spotted_Dolphin,train
Pantropical_Spotted_Dolphin/9004401S.wav,Pantropical_Spotted_Dolphin,train
Pantropical_Spotted_Dolphin/6400501D.wav,Pantropical_Spotted_Dolphin,train
Pantropical_Spotted_Dolphin/9400807R.wav,Pantropical_Spotted_Dolphin,train
Pantropical_Spotted_Dolphin/94008011.wav,Pantropical_Spotted_Dolphin,train
Pantropical_Spotted_Dolphin/94008017.wav,Pantropical_Spotted_Dolphin,train
Pantropical_Spotted_Dolphin/9400801H.wav,Pantropical_Spotted_Dolphin,train
Pantropical_Spotted_Dolphin/6400501B.wav,Pantropical_Spotted_Dolphin,train
Pantropical_Spotted_Dolphin/9400800W.wav,Pantropical_Spotted_Dolphin,train
Pantropical_Spotted_Dolphin/9005807O.wav,Pantropical_Spotted_Dolphin,train
Pantropical_Spotted_Dolphin/94008060.wav,Pantropical_Spotted_Dolphin,train
Pantropical_Spotted_Dolphin/9400807X.wav,Pantropical_Spotted_Dolphin,train
Pantropical_Spotted_Dolphin/94008006.wav,Pantropical_Spotted_Dolphin,train
Pantropical_Spotted_Dolphin/9004401U.wav,Pantropical_Spotted_Dolphin,train
Pantropical_Spotted_Dolphin/9005807N.wav,Pantropical_Spotted_Dolphin,train
Short-Finned_Pacific_Pilot_Whale/9100501T.wav,Short-Finned_Pacific_Pilot_Whale,train
Short-Finned_Pacific_Pilot_Whale/81037005.wav,Short-Finned_Pacific_Pilot_Whale,train
Short-Finned_Pacific_Pilot_Whale/5702100E.wav,Short-Finned_Pacific_Pilot_Whale,train
Short-Finned_Pacific_Pilot_Whale/5702100A.wav,Short-Finned_Pacific_Pilot_Whale,train
Short-Finned_Pacific_Pilot_Whale/57021009.wav,Short-Finned_Pacific_Pilot_Whale,train
Short-Finned_Pacific_Pilot_Whale/8103700F.wav,Short-Finned_Pacific_Pilot_Whale,train
Short-Finned_Pacific_Pilot_Whale/9100503J.wav,Short-Finned_Pacific_Pilot_Whale,train
Short-Finned_Pacific_Pilot_Whale/91005006.wav,Short-Finned_Pacific_Pilot_Whale,train
Short-Finned_Pacific_Pilot_Whale/81037004.wav,Short-Finned_Pacific_Pilot_Whale,train
Short-Finned_Pacific_Pilot_Whale/81037002.wav,Short-Finned_Pacific_Pilot_Whale,train
Short-Finned_Pacific_Pilot_Whale/57021001.wav,Short-Finned_Pacific_Pilot_Whale,train
Short-Finned_Pacific_Pilot_Whale/5702100H.wav,Short-Finned_Pacific_Pilot_Whale,train
Short-Finned_Pacific_Pilot_Whale/91005010.wav,Short-Finned_Pacific_Pilot_Whale,train
Short-Finned_Pacific_Pilot_Whale/91005015.wav,Short-Finned_Pacific_Pilot_Whale,train
Short-Finned_Pacific_Pilot_Whale/5702100C.wav,Short-Finned_Pacific_Pilot_Whale,train
Short-Finned_Pacific_Pilot_Whale/57021003.wav,Short-Finned_Pacific_Pilot_Whale,train
Short-Finned_Pacific_Pilot_Whale/5702100K.wav,Short-Finned_Pacific_Pilot_Whale,train
Short-Finned_Pacific_Pilot_Whale/8103700G.wav,Short-Finned_Pacific_Pilot_Whale,train
Short-Finned_Pacific_Pilot_Whale/91005014.wav,Short-Finned_Pacific_Pilot_Whale,train
Short-Finned_Pacific_Pilot_Whale/8103700E.wav,Short-Finned_Pacific_Pilot_Whale,train
Short-Finned_Pacific_Pilot_Whale/8401600B.wav,Short-Finned_Pacific_Pilot_Whale,train
Short-Finned_Pacific_Pilot_Whale/57021007.wav,Short-Finned_Pacific_Pilot_Whale,train
Short-Finned_Pacific_Pilot_Whale/9100500N.wav,Short-Finned_Pacific_Pilot_Whale,train
Short-Finned_Pacific_Pilot_Whale/91005039.wav,Short-Finned_Pacific_Pilot_Whale,train
Short-Finned_Pacific_Pilot_Whale/5702100J.wav,Short-Finned_Pacific_Pilot_Whale,train
Short-Finned_Pacific_Pilot_Whale/91005036.wav,Short-Finned_Pacific_Pilot_Whale,train
Short-Finned_Pacific_Pilot_Whale/91005020.wav,Short-Finned_Pacific_Pilot_Whale,train
Short-Finned_Pacific_Pilot_Whale/8103700H.wav,Short-Finned_Pacific_Pilot_Whale,train
Short-Finned_Pacific_Pilot_Whale/81037001.wav,Short-Finned_Pacific_Pilot_Whale,train
Short-Finned_Pacific_Pilot_Whale/9100500Y.wav,Short-Finned_Pacific_Pilot_Whale,train
Short-Finned_Pacific_Pilot_Whale/8103700B.wav,Short-Finned_Pacific_Pilot_Whale,train
Short-Finned_Pacific_Pilot_Whale/9100502F.wav,Short-Finned_Pacific_Pilot_Whale,train
Short-Finned_Pacific_Pilot_Whale/9100501V.wav,Short-Finned_Pacific_Pilot_Whale,train
Short-Finned_Pacific_Pilot_Whale/8103700L.wav,Short-Finned_Pacific_Pilot_Whale,train
Short-Finned_Pacific_Pilot_Whale/5702100F.wav,Short-Finned_Pacific_Pilot_Whale,train
Short-Finned_Pacific_Pilot_Whale/9100502M.wav,Short-Finned_Pacific_Pilot_Whale,train
Short-Finned_Pacific_Pilot_Whale/8103700P.wav,Short-Finned_Pacific_Pilot_Whale,train
Short-Finned_Pacific_Pilot_Whale/8103700A.wav,Short-Finned_Pacific_Pilot_Whale,train
Short-Finned_Pacific_Pilot_Whale/9100501S.wav,Short-Finned_Pacific_Pilot_Whale,train
Short-Finned_Pacific_Pilot_Whale/8103700C.wav,Short-Finned_Pacific_Pilot_Whale,train
Bowhead_Whale/8800602T.wav,Bowhead_Whale,train
Bowhead_Whale/8800600J.wav,Bowhead_Whale,train
Bowhead_Whale/8800600Y.wav,Bowhead_Whale,train
Bowhead_Whale/7202100Q.wav,Bowhead_Whale,train
Bowhead_Whale/88006034.wav,Bowhead_Whale,train
Bowhead_Whale/8800600E.wav,Bowhead_Whale,train
Bowhead_Whale/88006017.wav,Bowhead_Whale,train
Bowhead_Whale/8800600O.wav,Bowhead_Whale,train
Bowhead_Whale/8800600Z.wav,Bowhead_Whale,train
Bowhead_Whale/8800600H.wav,Bowhead_Whale,train
Bowhead_Whale/8800602S.wav,Bowhead_Whale,train
Bowhead_Whale/88006003.wav,Bowhead_Whale,train
Bowhead_Whale/8800600S.wav,Bowhead_Whale,train
Bowhead_Whale/8800602Q.wav,Bowhead_Whale,train
Bowhead_Whale/72021005.wav,Bowhead_Whale,train
Bowhead_Whale/7801800J.wav,Bowhead_Whale,train
Bowhead_Whale/8800600R.wav,Bowhead_Whale,train
Bowhead_Whale/88006038.wav,Bowhead_Whale,train
Bowhead_Whale/7202100V.wav,Bowhead_Whale,train
Bowhead_Whale/88006006.wav,Bowhead_Whale,train
Bowhead_Whale/7801800B.wav,Bowhead_Whale,train
Bowhead_Whale/88006031.wav,Bowhead_Whale,train
Bowhead_Whale/88006008.wav,Bowhead_Whale,train
Bowhead_Whale/7801800H.wav,Bowhead_Whale,train
Bowhead_Whale/88006005.wav,Bowhead_Whale,train
Bowhead_Whale/8800600I.wav,Bowhead_Whale,train
Bowhead_Whale/88006033.wav,Bowhead_Whale,train
Bowhead_Whale/88006013.wav,Bowhead_Whale,train
Bowhead_Whale/8800601B.wav,Bowhead_Whale,train
Bowhead_Whale/8800600F.wav,Bowhead_Whale,train
Bowhead_Whale/78018002.wav,Bowhead_Whale,train
Bowhead_Whale/88006037.wav,Bowhead_Whale,train
Bowhead_Whale/7202100Z.wav,Bowhead_Whale,train
Bowhead_Whale/7801800D.wav,Bowhead_Whale,train
Bowhead_Whale/8800600W.wav,Bowhead_Whale,train
Bowhead_Whale/88006030.wav,Bowhead_Whale,train
False_Killer_Whale/61023002.wav,False_Killer_Whale,train
False_Killer_Whale/61023001.wav,False_Killer_Whale,train
False_Killer_Whale/95003006.wav,False_Killer_Whale,train
False_Killer_Whale/61023008.wav,False_Killer_Whale,train
False_Killer_Whale/6102100P.wav,False_Killer_Whale,train
False_Killer_Whale/6102300H.wav,False_Killer_Whale,train
False_Killer_Whale/95003003.wav,False_Killer_Whale,train
False_Killer_Whale/6102101B.wav,False_Killer_Whale,train
False_Killer_Whale/6102300X.wav,False_Killer_Whale,train
False_Killer_Whale/61021019.wav,False_Killer_Whale,train
False_Killer_Whale/6102101U.wav,False_Killer_Whale,train
False_Killer_Whale/61023018.wav,False_Killer_Whale,train
False_Killer_Whale/6102300Z.wav,False_Killer_Whale,train
False_Killer_Whale/6102300R.wav,False_Killer_Whale,train
False_Killer_Whale/6102300J.wav,False_Killer_Whale,train
False_Killer_Whale/6102100X.wav,False_Killer_Whale,train
False_Killer_Whale/95003002.wav,False_Killer_Whale,train
False_Killer_Whale/6102301B.wav,False_Killer_Whale,train
False_Killer_Whale/6102100W.wav,False_Killer_Whale,train
False_Killer_Whale/6102300P.wav,False_Killer_Whale,train
False_Killer_Whale/6102301E.wav,False_Killer_Whale,train
False_Killer_Whale/9500300B.wav,False_Killer_Whale,train
False_Killer_Whale/95003008.wav,False_Killer_Whale,train
False_Killer_Whale/6102300I.wav,False_Killer_Whale,train
False_Killer_Whale/61023019.wav,False_Killer_Whale,train
False_Killer_Whale/6102300D.wav,False_Killer_Whale,train
False_Killer_Whale/6102301J.wav,False_Killer_Whale,train
False_Killer_Whale/61023016.wav,False_Killer_Whale,train
False_Killer_Whale/61023009.wav,False_Killer_Whale,train
False_Killer_Whale/6102101C.wav,False_Killer_Whale,train
False_Killer_Whale/95003001.wav,False_Killer_Whale,train
False_Killer_Whale/6102300C.wav,False_Killer_Whale,train
False_Killer_Whale/6102300A.wav,False_Killer_Whale,train
False_Killer_Whale/6102100Y.wav,False_Killer_Whale,train
False_Killer_Whale/6102300F.wav,False_Killer_Whale,train
Melon_Headed_Whale/91012040.wav,Melon_Headed_Whale,train
Melon_Headed_Whale/9101203D.wav,Melon_Headed_Whale,train
Melon_Headed_Whale/9101202S.wav,Melon_Headed_Whale,train
Melon_Headed_Whale/91012042.wav,Melon_Headed_Whale,train
Melon_Headed_Whale/9101201Z.wav,Melon_Headed_Whale,train
Melon_Headed_Whale/9101202R.wav,Melon_Headed_Whale,train
Melon_Headed_Whale/9101203V.wav,Melon_Headed_Whale,train
Melon_Headed_Whale/9101204O.wav,Melon_Headed_Whale,train
Melon_Headed_Whale/9101200C.wav,Melon_Headed_Whale,train
Melon_Headed_Whale/91012003.wav,Melon_Headed_Whale,train
Melon_Headed_Whale/9101204L.wav,Melon_Headed_Whale,train
Melon_Headed_Whale/9101202B.wav,Melon_Headed_Whale,train
Melon_Headed_Whale/9101201C.wav,Melon_Headed_Whale,train
Melon_Headed_Whale/9101204F.wav,Melon_Headed_Whale,train
Melon_Headed_Whale/9101201I.wav,Melon_Headed_Whale,train
Melon_Headed_Whale/91012049.wav,Melon_Headed_Whale,train
Melon_Headed_Whale/9101203S.wav,Melon_Headed_Whale,train
Melon_Headed_Whale/91012045.wav,Melon_Headed_Whale,train
Melon_Headed_Whale/9101204J.wav,Melon_Headed_Whale,train
Melon_Headed_Whale/9101201E.wav,Melon_Headed_Whale,train
Melon_Headed_Whale/91012026.wav,Melon_Headed_Whale,train
Melon_Headed_Whale/9101204N.wav,Melon_Headed_Whale,train
Melon_Headed_Whale/91012016.wav,Melon_Headed_Whale,train
Melon_Headed_Whale/91012048.wav,Melon_Headed_Whale,train
Melon_Headed_Whale/9101202U.wav,Melon_Headed_Whale,train
Melon_Headed_Whale/9101204A.wav,Melon_Headed_Whale,train
Melon_Headed_Whale/9101204C.wav,Melon_Headed_Whale,train
Melon_Headed_Whale/9101200K.wav,Melon_Headed_Whale,train
Melon_Headed_Whale/9101203J.wav,Melon_Headed_Whale,train
Melon_Headed_Whale/91012024.wav,Melon_Headed_Whale,train
Melon_Headed_Whale/9101201L.wav,Melon_Headed_Whale,train
Melon_Headed_Whale/91012037.wav,Melon_Headed_Whale,train
Melon_Headed_Whale/9101203X.wav,Melon_Headed_Whale,train
Melon_Headed_Whale/9101203I.wav,Melon_Headed_Whale,train
Melon_Headed_Whale/9101204M.wav,Melon_Headed_Whale,train
Melon_Headed_Whale/91012044.wav,Melon_Headed_Whale,train
Melon_Headed_Whale/91012006.wav,Melon_Headed_Whale,train
Melon_Headed_Whale/9101201F.wav,Melon_Headed_Whale,train
Long-Finned_Pilot_Whale/7702800X.wav,Long-Finned_Pilot_Whale,train
Long-Finned_Pilot_Whale/77028017.wav,Long-Finned_Pilot_Whale,train
Long-Finned_Pilot_Whale/7500402O.wav,Long-Finned_Pilot_Whale,train
Long-Finned_Pilot_Whale/75004025.wav,Long-Finned_Pilot_Whale,train
Long-Finned_Pilot_Whale/7703400L.wav,Long-Finned_Pilot_Whale,train
Long-Finned_Pilot_Whale/54024007.wav,Long-Finned_Pilot_Whale,train
Long-Finned_Pilot_Whale/7500502Z.wav,Long-Finned_Pilot_Whale,train
Long-Finned_Pilot_Whale/7703400D.wav,Long-Finned_Pilot_Whale,train
Long-Finned_Pilot_Whale/7703400U.wav,Long-Finned_Pilot_Whale,train
Long-Finned_Pilot_Whale/77028010.wav,Long-Finned_Pilot_Whale,train
Long-Finned_Pilot_Whale/77028018.wav,Long-Finned_Pilot_Whale,train
Long-Finned_Pilot_Whale/7703400H.wav,Long-Finned_Pilot_Whale,train
Long-Finned_Pilot_Whale/5402400B.wav,Long-Finned_Pilot_Whale,train
Long-Finned_Pilot_Whale/54024002.wav,Long-Finned_Pilot_Whale,train
Long-Finned_Pilot_Whale/77034009.wav,Long-Finned_Pilot_Whale,train
Long-Finned_Pilot_Whale/7500502V.wav,Long-Finned_Pilot_Whale,train
Long-Finned_Pilot_Whale/7500502Q.wav,Long-Finned_Pilot_Whale,train
Long-Finned_Pilot_Whale/5402400A.wav,Long-Finned_Pilot_Whale,train
Long-Finned_Pilot_Whale/5402400C.wav,Long-Finned_Pilot_Whale,train
Long-Finned_Pilot_Whale/7500502X.wav,Long-Finned_Pilot_Whale,train
Long-Finned_Pilot_Whale/7702801L.wav,Long-Finned_Pilot_Whale,train
Long-Finned_Pilot_Whale/7500502J.wav,Long-Finned_Pilot_Whale,train
Long-Finned_Pilot_Whale/7500403N.wav,Long-Finned_Pilot_Whale,train
Long-Finned_Pilot_Whale/7500401F.wav,Long-Finned_Pilot_Whale,train
Long-Finned_Pilot_Whale/7500400U.wav,Long-Finned_Pilot_Whale,train
Long-Finned_Pilot_Whale/7703400M.wav,Long-Finned_Pilot_Whale,train
Long-Finned_Pilot_Whale/7703400S.wav,Long-Finned_Pilot_Whale,train
Long-Finned_Pilot_Whale/7500403J.wav,Long-Finned_Pilot_Whale,train
Long-Finned_Pilot_Whale/7702800V.wav,Long-Finned_Pilot_Whale,train
Long-Finned_Pilot_Whale/7500502U.wav,Long-Finned_Pilot_Whale,train
Long-Finned_Pilot_Whale/75005039.wav,Long-Finned_Pilot_Whale,train
Long-Finned_Pilot_Whale/54024003.wav,Long-Finned_Pilot_Whale,train
Long-Finned_Pilot_Whale/54024001.wav,Long-Finned_Pilot_Whale,train
Long-Finned_Pilot_Whale/7500402F.wav,Long-Finned_Pilot_Whale,train
Long-Finned_Pilot_Whale/7703400Q.wav,Long-Finned_Pilot_Whale,train
Long-Finned_Pilot_Whale/7500503L.wav,Long-Finned_Pilot_Whale,train
Long-Finned_Pilot_Whale/77034006.wav,Long-Finned_Pilot_Whale,train
Long-Finned_Pilot_Whale/7500502S.wav,Long-Finned_Pilot_Whale,train
Long-Finned_Pilot_Whale/77028009.wav,Long-Finned_Pilot_Whale,train
Long-Finned_Pilot_Whale/7702801K.wav,Long-Finned_Pilot_Whale,train
Long-Finned_Pilot_Whale/75005031.wav,Long-Finned_Pilot_Whale,train
Long-Finned_Pilot_Whale/7702801F.wav,Long-Finned_Pilot_Whale,train
Striped_Dolphin/85009011.wav,Striped_Dolphin,train
Striped_Dolphin/75003010.wav,Striped_Dolphin,train
Striped_Dolphin/8500701A.wav,Striped_Dolphin,train
Striped_Dolphin/7500300P.wav,Striped_Dolphin,train
Striped_Dolphin/5801100I.wav,Striped_Dolphin,train
Striped_Dolphin/72007037.wav,Striped_Dolphin,train
Striped_Dolphin/75003014.wav,Striped_Dolphin,train
Striped_Dolphin/7500300M.wav,Striped_Dolphin,train
Striped_Dolphin/8500701F.wav,Striped_Dolphin,train
Striped_Dolphin/5801100Z.wav,Striped_Dolphin,train
Striped_Dolphin/5801100A.wav,Striped_Dolphin,train
Striped_Dolphin/58011009.wav,Striped_Dolphin,train
Striped_Dolphin/8500701I.wav,Striped_Dolphin,train
Striped_Dolphin/75003009.wav,Striped_Dolphin,train
Striped_Dolphin/72007035.wav,Striped_Dolphin,train
Striped_Dolphin/8500701C.wav,Striped_Dolphin,train
Striped_Dolphin/7500301P.wav,Striped_Dolphin,train
Striped_Dolphin/7500301H.wav,Striped_Dolphin,train
Striped_Dolphin/7200703B.wav,Striped_Dolphin,train
Striped_Dolphin/8500701G.wav,Striped_Dolphin,train
Striped_Dolphin/7200703A.wav,Striped_Dolphin,train
Striped_Dolphin/75003061.wav,Striped_Dolphin,train
Striped_Dolphin/5801100U.wav,Striped_Dolphin,train
Striped_Dolphin/5801100N.wav,Striped_Dolphin,train
Striped_Dolphin/5801100Y.wav,Striped_Dolphin,train
Striped_Dolphin/7500300H.wav,Striped_Dolphin,train
Striped_Dolphin/72007039.wav,Striped_Dolphin,train
Striped_Dolphin/5801100X.wav,Striped_Dolphin,train
Striped_Dolphin/8500701B.wav,Striped_Dolphin,train
Striped_Dolphin/5801100O.wav,Striped_Dolphin,train
Striped_Dolphin/5801100Q.wav,Striped_Dolphin,train
Striped_Dolphin/7500300V.wav,Striped_Dolphin,train
Striped_Dolphin/75003002.wav,Striped_Dolphin,train
Striped_Dolphin/8500701H.wav,Striped_Dolphin,train
Striped_Dolphin/7500300Z.wav,Striped_Dolphin,train
Striped_Dolphin/5801100G.wav,Striped_Dolphin,train
Striped_Dolphin/5801100C.wav,Striped_Dolphin,train
Striped_Dolphin/5801100P.wav,Striped_Dolphin,train
Striped_Dolphin/75003005.wav,Striped_Dolphin,train
Striped_Dolphin/75003011.wav,Striped_Dolphin,train
Striped_Dolphin/5801101J.wav,Striped_Dolphin,train
Striped_Dolphin/5801100S.wav,Striped_Dolphin,train
Striped_Dolphin/7500300Q.wav,Striped_Dolphin,train
Striped_Dolphin/7500305Z.wav,Striped_Dolphin,train
Striped_Dolphin/5801101L.wav,Striped_Dolphin,train
Striped_Dolphin/5801100W.wav,Striped_Dolphin,train
Striped_Dolphin/75003016.wav,Striped_Dolphin,train
Striped_Dolphin/5801100V.wav,Striped_Dolphin,train
Striped_Dolphin/5801100T.wav,Striped_Dolphin,train
Leopard_Seal/6608400J.wav,Leopard_Seal,train
Leopard_Seal/6608400P.wav,Leopard_Seal,train
Leopard_Seal/66084013.wav,Leopard_Seal,train
Leopard_Seal/6608400I.wav,Leopard_Seal,train
Leopard_Seal/6608400N.wav,Leopard_Seal,train
Leopard_Seal/6608400R.wav,Leopard_Seal,train
Walrus/72019009.wav,Walrus,train
Walrus/7200200B.wav,Walrus,train
Walrus/72019003.wav,Walrus,train
Walrus/72020008.wav,Walrus,train
Walrus/7202000A.wav,Walrus,train
Walrus/7200200F.wav,Walrus,train
Walrus/72002004.wav,Walrus,train
Walrus/72019008.wav,Walrus,train
Walrus/72019002.wav,Walrus,train
Walrus/72020006.wav,Walrus,train
Walrus/72019007.wav,Walrus,train
Walrus/7200200M.wav,Walrus,train
Walrus/72014004.wav,Walrus,train
Walrus/72014002.wav,Walrus,train
Walrus/72019004.wav,Walrus,train
Walrus/72019005.wav,Walrus,train
Walrus/66006005.wav,Walrus,train
Walrus/7200200E.wav,Walrus,train
Walrus/72014003.wav,Walrus,train
Walrus/7200200K.wav,Walrus,train
Walrus/72014006.wav,Walrus,train
Walrus/72002002.wav,Walrus,train
Walrus/7200200L.wav,Walrus,train
Sperm_Whale/91012009.wav,Sperm_Whale,train
Sperm_Whale/72009003.wav,Sperm_Whale,train
Sperm_Whale/91003003.wav,Sperm_Whale,train
Sperm_Whale/7702801M.wav,Sperm_Whale,train
Sperm_Whale/7702800U.wav,Sperm_Whale,train
Sperm_Whale/83019001.wav,Sperm_Whale,train
Sperm_Whale/8301900C.wav,Sperm_Whale,train
Sperm_Whale/7200900E.wav,Sperm_Whale,train
Sperm_Whale/8800201N.wav,Sperm_Whale,train
Sperm_Whale/8401400A.wav,Sperm_Whale,train
Sperm_Whale/9357000A.wav,Sperm_Whale,train
Sperm_Whale/85004001.wav,Sperm_Whale,train
Sperm_Whale/9357000P.wav,Sperm_Whale,train
Sperm_Whale/85004002.wav,Sperm_Whale,train
Sperm_Whale/85004003.wav,Sperm_Whale,train
Sperm_Whale/91003001.wav,Sperm_Whale,train
Sperm_Whale/9357000C.wav,Sperm_Whale,train
Sperm_Whale/7200900P.wav,Sperm_Whale,train
Sperm_Whale/85004004.wav,Sperm_Whale,train
Sperm_Whale/85005003.wav,Sperm_Whale,train
Sperm_Whale/72009001.wav,Sperm_Whale,train
Sperm_Whale/85005004.wav,Sperm_Whale,train
Sperm_Whale/87017003.wav,Sperm_Whale,train
Sperm_Whale/8800201M.wav,Sperm_Whale,train
Sperm_Whale/85004005.wav,Sperm_Whale,train
Sperm_Whale/93570007.wav,Sperm_Whale,train
Sperm_Whale/93570008.wav,Sperm_Whale,train
Sperm_Whale/91012048.wav,Sperm_Whale,train
Sperm_Whale/72009006.wav,Sperm_Whale,train
Sperm_Whale/87017004.wav,Sperm_Whale,train
Sperm_Whale/85004006.wav,Sperm_Whale,train
Sperm_Whale/7200900F.wav,Sperm_Whale,train
Sperm_Whale/72009005.wav,Sperm_Whale,train
Sperm_Whale/8401600B.wav,Sperm_Whale,train
Sperm_Whale/87017002.wav,Sperm_Whale,train
Sperm_Whale/7702800V.wav,Sperm_Whale,train
Sperm_Whale/9400400C.wav,Sperm_Whale,train
Sperm_Whale/72009002.wav,Sperm_Whale,train
Sperm_Whale/84020001.wav,Sperm_Whale,train
Sperm_Whale/93570006.wav,Sperm_Whale,train
Sperm_Whale/85005002.wav,Sperm_Whale,train
Sperm_Whale/91003005.wav,Sperm_Whale,train
Sperm_Whale/9357000E.wav,Sperm_Whale,train
Sperm_Whale/85004007.wav,Sperm_Whale,train
Sperm_Whale/90039006.wav,Sperm_Whale,train
Common_Dolphin/7500303Q.wav,Common_Dolphin,train
Common_Dolphin/7500305D.wav,Common_Dolphin,train
Common_Dolphin/75003043.wav,Common_Dolphin,train
Common_Dolphin/7500304O.wav,Common_Dolphin,train
Common_Dolphin/58014014.wav,Common_Dolphin,train
Common_Dolphin/7500305I.wav,Common_Dolphin,train
Common_Dolphin/7500304G.wav,Common_Dolphin,train
Common_Dolphin/58014036.wav,Common_Dolphin,train
Common_Dolphin/7500304Q.wav,Common_Dolphin,train
Common_Dolphin/5801404R.wav,Common_Dolphin,train
Common_Dolphin/75003058.wav,Common_Dolphin,train
Common_Dolphin/7500305C.wav,Common_Dolphin,train
Common_Dolphin/5801404D.wav,Common_Dolphin,train
Common_Dolphin/75003044.wav,Common_Dolphin,train
Common_Dolphin/7500304M.wav,Common_Dolphin,train
Common_Dolphin/75003052.wav,Common_Dolphin,train
Common_Dolphin/75003057.wav,Common_Dolphin,train
Common_Dolphin/5801404T.wav,Common_Dolphin,train
Common_Dolphin/7500305M.wav,Common_Dolphin,train
Common_Dolphin/7500304I.wav,Common_Dolphin,train
Common_Dolphin/75003051.wav,Common_Dolphin,train
Common_Dolphin/7500303Z.wav,Common_Dolphin,train
Common_Dolphin/7500304K.wav,Common_Dolphin,train
Common_Dolphin/5801402C.wav,Common_Dolphin,train
Common_Dolphin/7500304H.wav,Common_Dolphin,train
Common_Dolphin/7500303M.wav,Common_Dolphin,train
Common_Dolphin/58014028.wav,Common_Dolphin,train
Common_Dolphin/7500303Y.wav,Common_Dolphin,train
Common_Dolphin/87003006.wav,Common_Dolphin,train
Common_Dolphin/58014015.wav,Common_Dolphin,train
Common_Dolphin/87003005.wav,Common_Dolphin,train
Clymene_Dolphin/8300604P.wav,Clymene_Dolphin,valid
Clymene_Dolphin/83006031.wav,Clymene_Dolphin,valid
Clymene_Dolphin/83006022.wav,Clymene_Dolphin,valid
Clymene_Dolphin/8303503O.wav,Clymene_Dolphin,valid
Clymene_Dolphin/8300600B.wav,Clymene_Dolphin,valid
Clymene_Dolphin/8300604T.wav,Clymene_Dolphin,valid
Clymene_Dolphin/8300604L.wav,Clymene_Dolphin,valid
Clymene_Dolphin/8300604I.wav,Clymene_Dolphin,valid
Clymene_Dolphin/8300604A.wav,Clymene_Dolphin,valid
Clymene_Dolphin/83035001.wav,Clymene_Dolphin,valid
Clymene_Dolphin/8300601F.wav,Clymene_Dolphin,valid
Clymene_Dolphin/8300601J.wav,Clymene_Dolphin,valid
Bottlenose_Dolphin/89514015.wav,Bottlenose_Dolphin,valid
Bottlenose_Dolphin/56006006.wav,Bottlenose_Dolphin,valid
Bottlenose_Dolphin/56006005.wav,Bottlenose_Dolphin,valid
Bottlenose_Dolphin/89514010.wav,Bottlenose_Dolphin,valid
Bottlenose_Dolphin/89514001.wav,Bottlenose_Dolphin,valid
Spinner_Dolphin/7101001D.wav,Spinner_Dolphin,valid
Spinner_Dolphin/71004004.wav,Spinner_Dolphin,valid
Spinner_Dolphin/7100700O.wav,Spinner_Dolphin,valid
Spinner_Dolphin/71001035.wav,Spinner_Dolphin,valid
Spinner_Dolphin/7100801N.wav,Spinner_Dolphin,valid
Spinner_Dolphin/7100300K.wav,Spinner_Dolphin,valid
Spinner_Dolphin/7100801K.wav,Spinner_Dolphin,valid
Spinner_Dolphin/8103800Y.wav,Spinner_Dolphin,valid
Spinner_Dolphin/7100401F.wav,Spinner_Dolphin,valid
Spinner_Dolphin/7100300U.wav,Spinner_Dolphin,valid
Spinner_Dolphin/7100101X.wav,Spinner_Dolphin,valid
Spinner_Dolphin/7100801F.wav,Spinner_Dolphin,valid
Spinner_Dolphin/7100102Z.wav,Spinner_Dolphin,valid
Spinner_Dolphin/71001014.wav,Spinner_Dolphin,valid
Spinner_Dolphin/7100801G.wav,Spinner_Dolphin,valid
Spinner_Dolphin/7100401D.wav,Spinner_Dolphin,valid
Spinner_Dolphin/71001030.wav,Spinner_Dolphin,valid
Spinner_Dolphin/71008008.wav,Spinner_Dolphin,valid
Spinner_Dolphin/7100102G.wav,Spinner_Dolphin,valid
Spinner_Dolphin/7100101B.wav,Spinner_Dolphin,valid
Spinner_Dolphin/7100101M.wav,Spinner_Dolphin,valid
Spinner_Dolphin/7100300V.wav,Spinner_Dolphin,valid
Spinner_Dolphin/7101001G.wav,Spinner_Dolphin,valid
"Beluga,_White_Whale/6202600C.wav","Beluga,_White_Whale",valid
"Beluga,_White_Whale/65030001.wav","Beluga,_White_Whale",valid
"Beluga,_White_Whale/6202600B.wav","Beluga,_White_Whale",valid
"Beluga,_White_Whale/6503300H.wav","Beluga,_White_Whale",valid
"Beluga,_White_Whale/6202200G.wav","Beluga,_White_Whale",valid
"Beluga,_White_Whale/63015004.wav","Beluga,_White_Whale",valid
"Beluga,_White_Whale/6202200P.wav","Beluga,_White_Whale",valid
"Beluga,_White_Whale/62022016.wav","Beluga,_White_Whale",valid
"Beluga,_White_Whale/62026003.wav","Beluga,_White_Whale",valid
"Beluga,_White_Whale/6503000I.wav","Beluga,_White_Whale",valid
Bearded_Seal/70025007.wav,Bearded_Seal,valid
Bearded_Seal/70025002.wav,Bearded_Seal,valid
Bearded_Seal/7202100V.wav,Bearded_Seal,valid
Bearded_Seal/78018003.wav,Bearded_Seal,valid
Bearded_Seal/7801800M.wav,Bearded_Seal,valid
Bearded_Seal/7202100Z.wav,Bearded_Seal,valid
Bearded_Seal/66038007.wav,Bearded_Seal,valid
Minke_Whale/64103003.wav,Minke_Whale,valid
Minke_Whale/64104006.wav,Minke_Whale,valid
Minke_Whale/64104002.wav,Minke_Whale,valid
Minke_Whale/6410300A.wav,Minke_Whale,valid
Humpback_Whale/8002001M.wav,Humpback_Whale,valid
Humpback_Whale/6301901N.wav,Humpback_Whale,valid
Humpback_Whale/6301900B.wav,Humpback_Whale,valid
Humpback_Whale/63019016.wav,Humpback_Whale,valid
Humpback_Whale/6301900D.wav,Humpback_Whale,valid
Humpback_Whale/9220100S.wav,Humpback_Whale,valid
Humpback_Whale/6301900C.wav,Humpback_Whale,valid
Humpback_Whale/92201007.wav,Humpback_Whale,valid
Humpback_Whale/9220100G.wav,Humpback_Whale,valid
Humpback_Whale/6301901V.wav,Humpback_Whale,valid
Humpback_Whale/6301900T.wav,Humpback_Whale,valid
Humpback_Whale/63019003.wav,Humpback_Whale,valid
Humpback_Whale/9220100T.wav,Humpback_Whale,valid
Southern_Right_Whale/7900200W.wav,Southern_Right_Whale,valid
Southern_Right_Whale/8300200B.wav,Southern_Right_Whale,valid
Southern_Right_Whale/79002012.wav,Southern_Right_Whale,valid
Southern_Right_Whale/7900200Q.wav,Southern_Right_Whale,valid
Southern_Right_Whale/7900200U.wav,Southern_Right_Whale,valid
White-sided_Dolphin/6107200K.wav,White-sided_Dolphin,valid
White-sided_Dolphin/7500102I.wav,White-sided_Dolphin,valid
White-sided_Dolphin/61072022.wav,White-sided_Dolphin,valid
White-sided_Dolphin/6107201H.wav,White-sided_Dolphin,valid
White-sided_Dolphin/7500102S.wav,White-sided_Dolphin,valid
White-sided_Dolphin/6107202D.wav,White-sided_Dolphin,valid
White-sided_Dolphin/79006019.wav,White-sided_Dolphin,valid
White-sided_Dolphin/7800703Q.wav,White-sided_Dolphin,valid
White-sided_Dolphin/78007038.wav,White-sided_Dolphin,valid
White-sided_Dolphin/79004016.wav,White-sided_Dolphin,valid
White-sided_Dolphin/78007015.wav,White-sided_Dolphin,valid
Narwhal/6804000C.wav,Narwhal,valid
Narwhal/68002006.wav,Narwhal,valid
Narwhal/75014002.wav,Narwhal,valid
Narwhal/75014009.wav,Narwhal,valid
Narwhal/7501400X.wav,Narwhal,valid
Narwhal/7501400J.wav,Narwhal,valid
Narwhal/75014007.wav,Narwhal,valid
Narwhal/6800200D.wav,Narwhal,valid
Narwhal/7501400G.wav,Narwhal,valid
Narwhal/7501400B.wav,Narwhal,valid
White-beaked_Dolphin/59037008.wav,White-beaked_Dolphin,valid
White-beaked_Dolphin/5903700B.wav,White-beaked_Dolphin,valid
White-beaked_Dolphin/72005007.wav,White-beaked_Dolphin,valid
White-beaked_Dolphin/5903700L.wav,White-beaked_Dolphin,valid
White-beaked_Dolphin/70006004.wav,White-beaked_Dolphin,valid
White-beaked_Dolphin/7200500Z.wav,White-beaked_Dolphin,valid
White-beaked_Dolphin/7200500C.wav,White-beaked_Dolphin,valid
White-beaked_Dolphin/7001400Y.wav,White-beaked_Dolphin,valid
White-beaked_Dolphin/72005003.wav,White-beaked_Dolphin,valid
White-beaked_Dolphin/59037006.wav,White-beaked_Dolphin,valid
White-beaked_Dolphin/72005008.wav,White-beaked_Dolphin,valid
Northern_Right_Whale/56018003.wav,Northern_Right_Whale,valid
Northern_Right_Whale/5602500N.wav,Northern_Right_Whale,valid
Northern_Right_Whale/5900300N.wav,Northern_Right_Whale,valid
Northern_Right_Whale/59003001.wav,Northern_Right_Whale,valid
Northern_Right_Whale/81014036.wav,Northern_Right_Whale,valid
Northern_Right_Whale/56025001.wav,Northern_Right_Whale,valid
Northern_Right_Whale/56025009.wav,Northern_Right_Whale,valid
Northern_Right_Whale/81015002.wav,Northern_Right_Whale,valid
Northern_Right_Whale/56026007.wav,Northern_Right_Whale,valid
Northern_Right_Whale/81014040.wav,Northern_Right_Whale,valid
Northern_Right_Whale/81014033.wav,Northern_Right_Whale,valid
Frasers_Dolphin/9101301P.wav,Frasers_Dolphin,valid
Frasers_Dolphin/9101001S.wav,Frasers_Dolphin,valid
Frasers_Dolphin/9101001D.wav,Frasers_Dolphin,valid
Frasers_Dolphin/91008008.wav,Frasers_Dolphin,valid
Frasers_Dolphin/91010026.wav,Frasers_Dolphin,valid
Frasers_Dolphin/9101301A.wav,Frasers_Dolphin,valid
Frasers_Dolphin/9100800C.wav,Frasers_Dolphin,valid
Frasers_Dolphin/91010021.wav,Frasers_Dolphin,valid
Frasers_Dolphin/9101300E.wav,Frasers_Dolphin,valid
Frasers_Dolphin/9100800D.wav,Frasers_Dolphin,valid
Frasers_Dolphin/9101001M.wav,Frasers_Dolphin,valid
Frasers_Dolphin/9101001L.wav,Frasers_Dolphin,valid
Frasers_Dolphin/9101301E.wav,Frasers_Dolphin,valid
Frasers_Dolphin/9101000Z.wav,Frasers_Dolphin,valid
Frasers_Dolphin/9101301N.wav,Frasers_Dolphin,valid
Frasers_Dolphin/9101300J.wav,Frasers_Dolphin,valid
Frasers_Dolphin/9101300C.wav,Frasers_Dolphin,valid
Frasers_Dolphin/9101300A.wav,Frasers_Dolphin,valid
"Grampus,_Rissos_Dolphin/59029001.wav","Grampus,_Rissos_Dolphin",valid
"Grampus,_Rissos_Dolphin/5903001Z.wav","Grampus,_Rissos_Dolphin",valid
"Grampus,_Rissos_Dolphin/85009007.wav","Grampus,_Rissos_Dolphin",valid
"Grampus,_Rissos_Dolphin/59029007.wav","Grampus,_Rissos_Dolphin",valid
"Grampus,_Rissos_Dolphin/85009003.wav","Grampus,_Rissos_Dolphin",valid
"Grampus,_Rissos_Dolphin/5902900R.wav","Grampus,_Rissos_Dolphin",valid
"Grampus,_Rissos_Dolphin/5903002N.wav","Grampus,_Rissos_Dolphin",valid
"Grampus,_Rissos_Dolphin/8500900O.wav","Grampus,_Rissos_Dolphin",valid
"Grampus,_Rissos_Dolphin/5902900S.wav","Grampus,_Rissos_Dolphin",valid
"Grampus,_Rissos_Dolphin/5903000A.wav","Grampus,_Rissos_Dolphin",valid
"Grampus,_Rissos_Dolphin/5902900J.wav","Grampus,_Rissos_Dolphin",valid
"Grampus,_Rissos_Dolphin/5903002S.wav","Grampus,_Rissos_Dolphin",valid
"Grampus,_Rissos_Dolphin/59030034.wav","Grampus,_Rissos_Dolphin",valid
Harp_Seal/6700900A.wav,Harp_Seal,valid
Harp_Seal/6701000C.wav,Harp_Seal,valid
Harp_Seal/6700900Q.wav,Harp_Seal,valid
Harp_Seal/67009006.wav,Harp_Seal,valid
Harp_Seal/67010001.wav,Harp_Seal,valid
Harp_Seal/6700900G.wav,Harp_Seal,valid
Harp_Seal/6701000F.wav,Harp_Seal,valid
Harp_Seal/6700900S.wav,Harp_Seal,valid
Harp_Seal/6700900N.wav,Harp_Seal,valid
Atlantic_Spotted_Dolphin/6102603C.wav,Atlantic_Spotted_Dolphin,valid
Atlantic_Spotted_Dolphin/61026004.wav,Atlantic_Spotted_Dolphin,valid
Atlantic_Spotted_Dolphin/6102500E.wav,Atlantic_Spotted_Dolphin,valid
Atlantic_Spotted_Dolphin/6102500A.wav,Atlantic_Spotted_Dolphin,valid
Atlantic_Spotted_Dolphin/6102500J.wav,Atlantic_Spotted_Dolphin,valid
Atlantic_Spotted_Dolphin/6102603S.wav,Atlantic_Spotted_Dolphin,valid
Atlantic_Spotted_Dolphin/6102602I.wav,Atlantic_Spotted_Dolphin,valid
Atlantic_Spotted_Dolphin/6102602J.wav,Atlantic_Spotted_Dolphin,valid
Atlantic_Spotted_Dolphin/6102603A.wav,Atlantic_Spotted_Dolphin,valid
Atlantic_Spotted_Dolphin/6102500O.wav,Atlantic_Spotted_Dolphin,valid
Atlantic_Spotted_Dolphin/6102603V.wav,Atlantic_Spotted_Dolphin,valid
Atlantic_Spotted_Dolphin/6102601Z.wav,Atlantic_Spotted_Dolphin,valid
"Fin,_Finback_Whale/6104700F.wav","Fin,_Finback_Whale",valid
"Fin,_Finback_Whale/78014003.wav","Fin,_Finback_Whale",valid
"Fin,_Finback_Whale/61079006.wav","Fin,_Finback_Whale",valid
"Fin,_Finback_Whale/61048005.wav","Fin,_Finback_Whale",valid
"Fin,_Finback_Whale/61079002.wav","Fin,_Finback_Whale",valid
"Fin,_Finback_Whale/6107900D.wav","Fin,_Finback_Whale",valid
"Fin,_Finback_Whale/60009006.wav","Fin,_Finback_Whale",valid
"Fin,_Finback_Whale/78014009.wav","Fin,_Finback_Whale",valid
"Fin,_Finback_Whale/78014006.wav","Fin,_Finback_Whale",valid
"Fin,_Finback_Whale/6000900L.wav","Fin,_Finback_Whale",valid
Ross_Seal/6608400A.wav,Ross_Seal,valid
Ross_Seal/66084005.wav,Ross_Seal,valid
Ross_Seal/66034001.wav,Ross_Seal,valid
Ross_Seal/6608500G.wav,Ross_Seal,valid
Ross_Seal/6608400F.wav,Ross_Seal,valid
Ross_Seal/6608500D.wav,Ross_Seal,valid
Ross_Seal/6608500B.wav,Ross_Seal,valid
Ross_Seal/6608500A.wav,Ross_Seal,valid
Ross_Seal/66084002.wav,Ross_Seal,valid
Ross_Seal/6608500F.wav,Ross_Seal,valid
Rough-Toothed_Dolphin/8501301A.wav,Rough-Toothed_Dolphin,valid
Rough-Toothed_Dolphin/8501300I.wav,Rough-Toothed_Dolphin,valid
Rough-Toothed_Dolphin/85014005.wav,Rough-Toothed_Dolphin,valid
Rough-Toothed_Dolphin/8501300J.wav,Rough-Toothed_Dolphin,valid
Rough-Toothed_Dolphin/8501300S.wav,Rough-Toothed_Dolphin,valid
Rough-Toothed_Dolphin/8501400F.wav,Rough-Toothed_Dolphin,valid
Rough-Toothed_Dolphin/8501300L.wav,Rough-Toothed_Dolphin,valid
Rough-Toothed_Dolphin/8501400S.wav,Rough-Toothed_Dolphin,valid
Rough-Toothed_Dolphin/8501400G.wav,Rough-Toothed_Dolphin,valid
Rough-Toothed_Dolphin/85013002.wav,Rough-Toothed_Dolphin,valid
Killer_Whale/9750300Q.wav,Killer_Whale,valid
Killer_Whale/9750400C.wav,Killer_Whale,valid
Killer_Whale/9750400V.wav,Killer_Whale,valid
Killer_Whale/60026003.wav,Killer_Whale,valid
Killer_Whale/9750300V.wav,Killer_Whale,valid
Killer_Whale/89405023.wav,Killer_Whale,valid
Killer_Whale/60026004.wav,Killer_Whale,valid
Pantropical_Spotted_Dolphin/6400501A.wav,Pantropical_Spotted_Dolphin,valid
Pantropical_Spotted_Dolphin/9400801U.wav,Pantropical_Spotted_Dolphin,valid
Pantropical_Spotted_Dolphin/9400807P.wav,Pantropical_Spotted_Dolphin,valid
Pantropical_Spotted_Dolphin/9400807U.wav,Pantropical_Spotted_Dolphin,valid
Pantropical_Spotted_Dolphin/9300100H.wav,Pantropical_Spotted_Dolphin,valid
Pantropical_Spotted_Dolphin/9004401X.wav,Pantropical_Spotted_Dolphin,valid
Pantropical_Spotted_Dolphin/90044021.wav,Pantropical_Spotted_Dolphin,valid
Pantropical_Spotted_Dolphin/9400807T.wav,Pantropical_Spotted_Dolphin,valid
Pantropical_Spotted_Dolphin/9004401T.wav,Pantropical_Spotted_Dolphin,valid
Pantropical_Spotted_Dolphin/9002800F.wav,Pantropical_Spotted_Dolphin,valid
Pantropical_Spotted_Dolphin/64005015.wav,Pantropical_Spotted_Dolphin,valid
Pantropical_Spotted_Dolphin/64005009.wav,Pantropical_Spotted_Dolphin,valid
Pantropical_Spotted_Dolphin/90028008.wav,Pantropical_Spotted_Dolphin,valid
Short-Finned_Pacific_Pilot_Whale/84016002.wav,Short-Finned_Pacific_Pilot_Whale,valid
Short-Finned_Pacific_Pilot_Whale/91005011.wav,Short-Finned_Pacific_Pilot_Whale,valid
Short-Finned_Pacific_Pilot_Whale/9100501K.wav,Short-Finned_Pacific_Pilot_Whale,valid
Short-Finned_Pacific_Pilot_Whale/91005029.wav,Short-Finned_Pacific_Pilot_Whale,valid
Short-Finned_Pacific_Pilot_Whale/9100503E.wav,Short-Finned_Pacific_Pilot_Whale,valid
Short-Finned_Pacific_Pilot_Whale/5702100I.wav,Short-Finned_Pacific_Pilot_Whale,valid
Short-Finned_Pacific_Pilot_Whale/9100503O.wav,Short-Finned_Pacific_Pilot_Whale,valid
Short-Finned_Pacific_Pilot_Whale/9100503P.wav,Short-Finned_Pacific_Pilot_Whale,valid
Short-Finned_Pacific_Pilot_Whale/81037011.wav,Short-Finned_Pacific_Pilot_Whale,valid
Short-Finned_Pacific_Pilot_Whale/57021008.wav,Short-Finned_Pacific_Pilot_Whale,valid
Short-Finned_Pacific_Pilot_Whale/57021004.wav,Short-Finned_Pacific_Pilot_Whale,valid
Short-Finned_Pacific_Pilot_Whale/81037008.wav,Short-Finned_Pacific_Pilot_Whale,valid
Short-Finned_Pacific_Pilot_Whale/5702100B.wav,Short-Finned_Pacific_Pilot_Whale,valid
Bowhead_Whale/8800600P.wav,Bowhead_Whale,valid
Bowhead_Whale/8800600A.wav,Bowhead_Whale,valid
Bowhead_Whale/8800600K.wav,Bowhead_Whale,valid
Bowhead_Whale/88006001.wav,Bowhead_Whale,valid
Bowhead_Whale/8800601Y.wav,Bowhead_Whale,valid
Bowhead_Whale/88006036.wav,Bowhead_Whale,valid
Bowhead_Whale/8800601C.wav,Bowhead_Whale,valid
Bowhead_Whale/88006032.wav,Bowhead_Whale,valid
Bowhead_Whale/8800600G.wav,Bowhead_Whale,valid
Bowhead_Whale/78018003.wav,Bowhead_Whale,valid
Bowhead_Whale/8800601U.wav,Bowhead_Whale,valid
Bowhead_Whale/8800600D.wav,Bowhead_Whale,valid
False_Killer_Whale/6102300V.wav,False_Killer_Whale,valid
False_Killer_Whale/61023015.wav,False_Killer_Whale,valid
False_Killer_Whale/6102101F.wav,False_Killer_Whale,valid
False_Killer_Whale/61023005.wav,False_Killer_Whale,valid
False_Killer_Whale/61021012.wav,False_Killer_Whale,valid
False_Killer_Whale/95003004.wav,False_Killer_Whale,valid
False_Killer_Whale/95003005.wav,False_Killer_Whale,valid
False_Killer_Whale/95003009.wav,False_Killer_Whale,valid
False_Killer_Whale/6102101T.wav,False_Killer_Whale,valid
False_Killer_Whale/6102300U.wav,False_Killer_Whale,valid
False_Killer_Whale/6102101A.wav,False_Killer_Whale,valid
False_Killer_Whale/6102100Q.wav,False_Killer_Whale,valid
Melon_Headed_Whale/9101202C.wav,Melon_Headed_Whale,valid
Melon_Headed_Whale/9101200B.wav,Melon_Headed_Whale,valid
Melon_Headed_Whale/9101202E.wav,Melon_Headed_Whale,valid
Melon_Headed_Whale/9101204D.wav,Melon_Headed_Whale,valid
Melon_Headed_Whale/9101202G.wav,Melon_Headed_Whale,valid
Melon_Headed_Whale/9101201T.wav,Melon_Headed_Whale,valid
Melon_Headed_Whale/9101200I.wav,Melon_Headed_Whale,valid
Melon_Headed_Whale/9101204I.wav,Melon_Headed_Whale,valid
Melon_Headed_Whale/9101204K.wav,Melon_Headed_Whale,valid
Melon_Headed_Whale/91012007.wav,Melon_Headed_Whale,valid
Melon_Headed_Whale/9101204H.wav,Melon_Headed_Whale,valid
Melon_Headed_Whale/91012043.wav,Melon_Headed_Whale,valid
Melon_Headed_Whale/91012018.wav,Melon_Headed_Whale,valid
Long-Finned_Pilot_Whale/7703400K.wav,Long-Finned_Pilot_Whale,valid
Long-Finned_Pilot_Whale/7702800U.wav,Long-Finned_Pilot_Whale,valid
Long-Finned_Pilot_Whale/54024009.wav,Long-Finned_Pilot_Whale,valid
Long-Finned_Pilot_Whale/7703400A.wav,Long-Finned_Pilot_Whale,valid
Long-Finned_Pilot_Whale/54024004.wav,Long-Finned_Pilot_Whale,valid
Long-Finned_Pilot_Whale/7703400P.wav,Long-Finned_Pilot_Whale,valid
Long-Finned_Pilot_Whale/54024005.wav,Long-Finned_Pilot_Whale,valid
Long-Finned_Pilot_Whale/7703400R.wav,Long-Finned_Pilot_Whale,valid
Long-Finned_Pilot_Whale/77028015.wav,Long-Finned_Pilot_Whale,valid
Long-Finned_Pilot_Whale/77028008.wav,Long-Finned_Pilot_Whale,valid
Long-Finned_Pilot_Whale/54024008.wav,Long-Finned_Pilot_Whale,valid
Long-Finned_Pilot_Whale/7703400J.wav,Long-Finned_Pilot_Whale,valid
Long-Finned_Pilot_Whale/7703400O.wav,Long-Finned_Pilot_Whale,valid
Long-Finned_Pilot_Whale/7702801D.wav,Long-Finned_Pilot_Whale,valid
Striped_Dolphin/75003015.wav,Striped_Dolphin,valid
Striped_Dolphin/5801100M.wav,Striped_Dolphin,valid
Striped_Dolphin/7500301W.wav,Striped_Dolphin,valid
Striped_Dolphin/5801100R.wav,Striped_Dolphin,valid
Striped_Dolphin/75003022.wav,Striped_Dolphin,valid
Striped_Dolphin/5801101I.wav,Striped_Dolphin,valid
Striped_Dolphin/7500300T.wav,Striped_Dolphin,valid
Striped_Dolphin/8500701L.wav,Striped_Dolphin,valid
Striped_Dolphin/5801100E.wav,Striped_Dolphin,valid
Striped_Dolphin/58011002.wav,Striped_Dolphin,valid
Striped_Dolphin/7500301N.wav,Striped_Dolphin,valid
Striped_Dolphin/5801101M.wav,Striped_Dolphin,valid
Striped_Dolphin/58011001.wav,Striped_Dolphin,valid
Striped_Dolphin/5801101K.wav,Striped_Dolphin,valid
Striped_Dolphin/7500305Y.wav,Striped_Dolphin,valid
Striped_Dolphin/58011011.wav,Striped_Dolphin,valid
Leopard_Seal/6608400Z.wav,Leopard_Seal,valid
Leopard_Seal/6608400T.wav,Leopard_Seal,valid
Walrus/7202000B.wav,Walrus,valid
Walrus/72014005.wav,Walrus,valid
Walrus/7200200D.wav,Walrus,valid
Walrus/7200200A.wav,Walrus,valid
Walrus/72014008.wav,Walrus,valid
Walrus/72019001.wav,Walrus,valid
Walrus/7200200C.wav,Walrus,valid
Walrus/72002001.wav,Walrus,valid
Sperm_Whale/91003002.wav,Sperm_Whale,valid
Sperm_Whale/9101200B.wav,Sperm_Whale,valid
Sperm_Whale/94004004.wav,Sperm_Whale,valid
Sperm_Whale/84016002.wav,Sperm_Whale,valid
Sperm_Whale/84021003.wav,Sperm_Whale,valid
Sperm_Whale/8401400B.wav,Sperm_Whale,valid
Sperm_Whale/84018001.wav,Sperm_Whale,valid
Sperm_Whale/9101200K.wav,Sperm_Whale,valid
Sperm_Whale/62031003.wav,Sperm_Whale,valid
Sperm_Whale/84014003.wav,Sperm_Whale,valid
Sperm_Whale/85005005.wav,Sperm_Whale,valid
Sperm_Whale/9357001A.wav,Sperm_Whale,valid
Sperm_Whale/9400500C.wav,Sperm_Whale,valid
Sperm_Whale/72009004.wav,Sperm_Whale,valid
Sperm_Whale/9357000J.wav,Sperm_Whale,valid
Common_Dolphin/58014034.wav,Common_Dolphin,valid
Common_Dolphin/75003056.wav,Common_Dolphin,valid
Common_Dolphin/7500303N.wav,Common_Dolphin,valid
Common_Dolphin/75003053.wav,Common_Dolphin,valid
Common_Dolphin/7500304N.wav,Common_Dolphin,valid
Common_Dolphin/5801404V.wav,Common_Dolphin,valid
Common_Dolphin/5801400J.wav,Common_Dolphin,valid
Common_Dolphin/75003045.wav,Common_Dolphin,valid
Common_Dolphin/75003042.wav,Common_Dolphin,valid
Common_Dolphin/75003041.wav,Common_Dolphin,valid
Clymene_Dolphin/8300604C.wav,Clymene_Dolphin,test
Clymene_Dolphin/8300600C.wav,Clymene_Dolphin,test
Clymene_Dolphin/8300602C.wav,Clymene_Dolphin,test
Clymene_Dolphin/83006003.wav,Clymene_Dolphin,test
Clymene_Dolphin/8300603C.wav,Clymene_Dolphin,test
Clymene_Dolphin/8303500N.wav,Clymene_Dolphin,test
Clymene_Dolphin/8300604R.wav,Clymene_Dolphin,test
Clymene_Dolphin/8300600D.wav,Clymene_Dolphin,test
Clymene_Dolphin/83006001.wav,Clymene_Dolphin,test
Clymene_Dolphin/8300601K.wav,Clymene_Dolphin,test
Clymene_Dolphin/8300604M.wav,Clymene_Dolphin,test
Clymene_Dolphin/8300601R.wav,Clymene_Dolphin,test
Clymene_Dolphin/8300600F.wav,Clymene_Dolphin,test
Bottlenose_Dolphin/89514018.wav,Bottlenose_Dolphin,test
Bottlenose_Dolphin/89514003.wav,Bottlenose_Dolphin,test
Bottlenose_Dolphin/51041C01.wav,Bottlenose_Dolphin,test
Bottlenose_Dolphin/56006003.wav,Bottlenose_Dolphin,test
Spinner_Dolphin/7100800R.wav,Spinner_Dolphin,test
Spinner_Dolphin/7100300P.wav,Spinner_Dolphin,test
Spinner_Dolphin/7100401G.wav,Spinner_Dolphin,test
Spinner_Dolphin/71004018.wav,Spinner_Dolphin,test
Spinner_Dolphin/7100100C.wav,Spinner_Dolphin,test
Spinner_Dolphin/71001033.wav,Spinner_Dolphin,test
Spinner_Dolphin/71001037.wav,Spinner_Dolphin,test
Spinner_Dolphin/71001031.wav,Spinner_Dolphin,test
Spinner_Dolphin/7100700C.wav,Spinner_Dolphin,test
Spinner_Dolphin/7100401A.wav,Spinner_Dolphin,test
Spinner_Dolphin/71003004.wav,Spinner_Dolphin,test
Spinner_Dolphin/7100103B.wav,Spinner_Dolphin,test
Spinner_Dolphin/7100102O.wav,Spinner_Dolphin,test
Spinner_Dolphin/7100300M.wav,Spinner_Dolphin,test
Spinner_Dolphin/71003003.wav,Spinner_Dolphin,test
Spinner_Dolphin/7100801H.wav,Spinner_Dolphin,test
Spinner_Dolphin/7101001F.wav,Spinner_Dolphin,test
Spinner_Dolphin/71001025.wav,Spinner_Dolphin,test
Spinner_Dolphin/7100401B.wav,Spinner_Dolphin,test
Spinner_Dolphin/7100300C.wav,Spinner_Dolphin,test
Spinner_Dolphin/71001036.wav,Spinner_Dolphin,test
Spinner_Dolphin/7100401I.wav,Spinner_Dolphin,test
"Beluga,_White_Whale/62022012.wav","Beluga,_White_Whale",test
"Beluga,_White_Whale/63015005.wav","Beluga,_White_Whale",test
"Beluga,_White_Whale/62018001.wav","Beluga,_White_Whale",test
"Beluga,_White_Whale/6202200Z.wav","Beluga,_White_Whale",test
"Beluga,_White_Whale/6202600A.wav","Beluga,_White_Whale",test
"Beluga,_White_Whale/6202200F.wav","Beluga,_White_Whale",test
"Beluga,_White_Whale/62026007.wav","Beluga,_White_Whale",test
"Beluga,_White_Whale/62018002.wav","Beluga,_White_Whale",test
"Beluga,_White_Whale/63015003.wav","Beluga,_White_Whale",test
"Beluga,_White_Whale/65030009.wav","Beluga,_White_Whale",test
Bearded_Seal/66038002.wav,Bearded_Seal,test
Bearded_Seal/70025005.wav,Bearded_Seal,test
Bearded_Seal/71012003.wav,Bearded_Seal,test
Bearded_Seal/78018001.wav,Bearded_Seal,test
Bearded_Seal/72021005.wav,Bearded_Seal,test
Bearded_Seal/78018005.wav,Bearded_Seal,test
Bearded_Seal/71012008.wav,Bearded_Seal,test
Bearded_Seal/70025006.wav,Bearded_Seal,test
Minke_Whale/64103002.wav,Minke_Whale,test
Minke_Whale/64103008.wav,Minke_Whale,test
Minke_Whale/64103007.wav,Minke_Whale,test
Humpback_Whale/9220100E.wav,Humpback_Whale,test
Humpback_Whale/6304300E.wav,Humpback_Whale,test
Humpback_Whale/63019011.wav,Humpback_Whale,test
Humpback_Whale/6301901L.wav,Humpback_Whale,test
Humpback_Whale/9220100X.wav,Humpback_Whale,test
Humpback_Whale/92201003.wav,Humpback_Whale,test
Humpback_Whale/6301901D.wav,Humpback_Whale,test
Humpback_Whale/63019012.wav,Humpback_Whale,test
Humpback_Whale/92201005.wav,Humpback_Whale,test
Humpback_Whale/6304300M.wav,Humpback_Whale,test
Humpback_Whale/55113001.wav,Humpback_Whale,test
Humpback_Whale/6301900V.wav,Humpback_Whale,test
Humpback_Whale/6301901M.wav,Humpback_Whale,test
Southern_Right_Whale/7900200V.wav,Southern_Right_Whale,test
Southern_Right_Whale/83002009.wav,Southern_Right_Whale,test
Southern_Right_Whale/83002001.wav,Southern_Right_Whale,test
Southern_Right_Whale/79002013.wav,Southern_Right_Whale,test
Southern_Right_Whale/7900200Y.wav,Southern_Right_Whale,test
White-sided_Dolphin/6107201N.wav,White-sided_Dolphin,test
White-sided_Dolphin/79006016.wav,White-sided_Dolphin,test
White-sided_Dolphin/79006014.wav,White-sided_Dolphin,test
White-sided_Dolphin/61072031.wav,White-sided_Dolphin,test
White-sided_Dolphin/6107200S.wav,White-sided_Dolphin,test
White-sided_Dolphin/7800701J.wav,White-sided_Dolphin,test
White-sided_Dolphin/61072021.wav,White-sided_Dolphin,test
White-sided_Dolphin/61072023.wav,White-sided_Dolphin,test
White-sided_Dolphin/6107202T.wav,White-sided_Dolphin,test
White-sided_Dolphin/61072005.wav,White-sided_Dolphin,test
White-sided_Dolphin/6107200G.wav,White-sided_Dolphin,test
Narwhal/75014005.wav,Narwhal,test
Narwhal/75014001.wav,Narwhal,test
Narwhal/75014012.wav,Narwhal,test
Narwhal/7501400O.wav,Narwhal,test
Narwhal/75014017.wav,Narwhal,test
Narwhal/68002007.wav,Narwhal,test
Narwhal/7501400Q.wav,Narwhal,test
Narwhal/7501400C.wav,Narwhal,test
Narwhal/68002008.wav,Narwhal,test
Narwhal/6800200E.wav,Narwhal,test
White-beaked_Dolphin/7200500P.wav,White-beaked_Dolphin,test
White-beaked_Dolphin/7200500K.wav,White-beaked_Dolphin,test
White-beaked_Dolphin/70014010.wav,White-beaked_Dolphin,test
White-beaked_Dolphin/5903700M.wav,White-beaked_Dolphin,test
White-beaked_Dolphin/72005001.wav,White-beaked_Dolphin,test
White-beaked_Dolphin/5903700Y.wav,White-beaked_Dolphin,test
White-beaked_Dolphin/7200500D.wav,White-beaked_Dolphin,test
White-beaked_Dolphin/5903700F.wav,White-beaked_Dolphin,test
White-beaked_Dolphin/59037007.wav,White-beaked_Dolphin,test
White-beaked_Dolphin/7200500L.wav,White-beaked_Dolphin,test
White-beaked_Dolphin/59037001.wav,White-beaked_Dolphin,test
White-beaked_Dolphin/7001400Q.wav,White-beaked_Dolphin,test
Northern_Right_Whale/7001800T.wav,Northern_Right_Whale,test
Northern_Right_Whale/59004005.wav,Northern_Right_Whale,test
Northern_Right_Whale/59005002.wav,Northern_Right_Whale,test
Northern_Right_Whale/5900300G.wav,Northern_Right_Whale,test
Northern_Right_Whale/74003002.wav,Northern_Right_Whale,test
Northern_Right_Whale/5601700V.wav,Northern_Right_Whale,test
Northern_Right_Whale/5601700U.wav,Northern_Right_Whale,test
Northern_Right_Whale/7001800B.wav,Northern_Right_Whale,test
Northern_Right_Whale/5601700O.wav,Northern_Right_Whale,test
Northern_Right_Whale/5900300B.wav,Northern_Right_Whale,test
Northern_Right_Whale/5601601O.wav,Northern_Right_Whale,test
Frasers_Dolphin/91013014.wav,Frasers_Dolphin,test
Frasers_Dolphin/9101001Y.wav,Frasers_Dolphin,test
Frasers_Dolphin/91010028.wav,Frasers_Dolphin,test
Frasers_Dolphin/91013002.wav,Frasers_Dolphin,test
Frasers_Dolphin/9101301M.wav,Frasers_Dolphin,test
Frasers_Dolphin/91010023.wav,Frasers_Dolphin,test
Frasers_Dolphin/91010024.wav,Frasers_Dolphin,test
Frasers_Dolphin/9101002A.wav,Frasers_Dolphin,test
Frasers_Dolphin/9101001U.wav,Frasers_Dolphin,test
Frasers_Dolphin/9101000S.wav,Frasers_Dolphin,test
Frasers_Dolphin/9101300F.wav,Frasers_Dolphin,test
Frasers_Dolphin/9101301F.wav,Frasers_Dolphin,test
Frasers_Dolphin/91013016.wav,Frasers_Dolphin,test
Frasers_Dolphin/91013008.wav,Frasers_Dolphin,test
Frasers_Dolphin/9101301H.wav,Frasers_Dolphin,test
Frasers_Dolphin/91010019.wav,Frasers_Dolphin,test
Frasers_Dolphin/9101001H.wav,Frasers_Dolphin,test
"Grampus,_Rissos_Dolphin/5903002U.wav","Grampus,_Rissos_Dolphin",test
"Grampus,_Rissos_Dolphin/59030029.wav","Grampus,_Rissos_Dolphin",test
"Grampus,_Rissos_Dolphin/8500900J.wav","Grampus,_Rissos_Dolphin",test
"Grampus,_Rissos_Dolphin/59030021.wav","Grampus,_Rissos_Dolphin",test
"Grampus,_Rissos_Dolphin/8500900P.wav","Grampus,_Rissos_Dolphin",test
"Grampus,_Rissos_Dolphin/8500900M.wav","Grampus,_Rissos_Dolphin",test
"Grampus,_Rissos_Dolphin/5902900A.wav","Grampus,_Rissos_Dolphin",test
"Grampus,_Rissos_Dolphin/59030004.wav","Grampus,_Rissos_Dolphin",test
"Grampus,_Rissos_Dolphin/5902900Z.wav","Grampus,_Rissos_Dolphin",test
"Grampus,_Rissos_Dolphin/8500900A.wav","Grampus,_Rissos_Dolphin",test
"Grampus,_Rissos_Dolphin/59029017.wav","Grampus,_Rissos_Dolphin",test
"Grampus,_Rissos_Dolphin/85009006.wav","Grampus,_Rissos_Dolphin",test
"Grampus,_Rissos_Dolphin/5903000E.wav","Grampus,_Rissos_Dolphin",test
"Grampus,_Rissos_Dolphin/59030005.wav","Grampus,_Rissos_Dolphin",test
Harp_Seal/6700900D.wav,Harp_Seal,test
Harp_Seal/67009003.wav,Harp_Seal,test
Harp_Seal/6700900F.wav,Harp_Seal,test
Harp_Seal/6700900T.wav,Harp_Seal,test
Harp_Seal/6700900H.wav,Harp_Seal,test
Harp_Seal/6700900J.wav,Harp_Seal,test
Harp_Seal/6700900E.wav,Harp_Seal,test
Harp_Seal/6700900P.wav,Harp_Seal,test
Harp_Seal/6700900B.wav,Harp_Seal,test
Harp_Seal/67010005.wav,Harp_Seal,test
Atlantic_Spotted_Dolphin/6102604L.wav,Atlantic_Spotted_Dolphin,test
Atlantic_Spotted_Dolphin/6102604J.wav,Atlantic_Spotted_Dolphin,test
Atlantic_Spotted_Dolphin/61026036.wav,Atlantic_Spotted_Dolphin,test
Atlantic_Spotted_Dolphin/61026031.wav,Atlantic_Spotted_Dolphin,test
Atlantic_Spotted_Dolphin/6102601Y.wav,Atlantic_Spotted_Dolphin,test
Atlantic_Spotted_Dolphin/6102602U.wav,Atlantic_Spotted_Dolphin,test
Atlantic_Spotted_Dolphin/6102500C.wav,Atlantic_Spotted_Dolphin,test
Atlantic_Spotted_Dolphin/6102603I.wav,Atlantic_Spotted_Dolphin,test
Atlantic_Spotted_Dolphin/6102500R.wav,Atlantic_Spotted_Dolphin,test
Atlantic_Spotted_Dolphin/6102602T.wav,Atlantic_Spotted_Dolphin,test
Atlantic_Spotted_Dolphin/6102603E.wav,Atlantic_Spotted_Dolphin,test
"Fin,_Finback_Whale/6107900I.wav","Fin,_Finback_Whale",test
"Fin,_Finback_Whale/61047009.wav","Fin,_Finback_Whale",test
"Fin,_Finback_Whale/6107900L.wav","Fin,_Finback_Whale",test
"Fin,_Finback_Whale/78014004.wav","Fin,_Finback_Whale",test
"Fin,_Finback_Whale/6107900K.wav","Fin,_Finback_Whale",test
"Fin,_Finback_Whale/6107900H.wav","Fin,_Finback_Whale",test
"Fin,_Finback_Whale/6104700D.wav","Fin,_Finback_Whale",test
"Fin,_Finback_Whale/61079007.wav","Fin,_Finback_Whale",test
"Fin,_Finback_Whale/6106400J.wav","Fin,_Finback_Whale",test
"Fin,_Finback_Whale/60009007.wav","Fin,_Finback_Whale",test
Ross_Seal/6608900B.wav,Ross_Seal,test
Ross_Seal/6608900D.wav,Ross_Seal,test
Ross_Seal/66034004.wav,Ross_Seal,test
Ross_Seal/6608500S.wav,Ross_Seal,test
Ross_Seal/6608400D.wav,Ross_Seal,test
Ross_Seal/66002A02.wav,Ross_Seal,test
Ross_Seal/6608500K.wav,Ross_Seal,test
Ross_Seal/66084006.wav,Ross_Seal,test
Ross_Seal/6608900F.wav,Ross_Seal,test
Ross_Seal/6608900C.wav,Ross_Seal,test
Rough-Toothed_Dolphin/8501400H.wav,Rough-Toothed_Dolphin,test
Rough-Toothed_Dolphin/8501300P.wav,Rough-Toothed_Dolphin,test
Rough-Toothed_Dolphin/8501300A.wav,Rough-Toothed_Dolphin,test
Rough-Toothed_Dolphin/85013010.wav,Rough-Toothed_Dolphin,test
Rough-Toothed_Dolphin/8501400P.wav,Rough-Toothed_Dolphin,test
Rough-Toothed_Dolphin/8501301H.wav,Rough-Toothed_Dolphin,test
Rough-Toothed_Dolphin/8501400Q.wav,Rough-Toothed_Dolphin,test
Rough-Toothed_Dolphin/85013015.wav,Rough-Toothed_Dolphin,test
Rough-Toothed_Dolphin/8501300X.wav,Rough-Toothed_Dolphin,test
Rough-Toothed_Dolphin/8501300D.wav,Rough-Toothed_Dolphin,test
Killer_Whale/9750301M.wav,Killer_Whale,test
Killer_Whale/9750301Q.wav,Killer_Whale,test
Killer_Whale/92301007.wav,Killer_Whale,test
Killer_Whale/97503007.wav,Killer_Whale,test
Killer_Whale/6002600B.wav,Killer_Whale,test
Killer_Whale/9750400J.wav,Killer_Whale,test
Killer_Whale/9750301L.wav,Killer_Whale,test
Pantropical_Spotted_Dolphin/94008082.wav,Pantropical_Spotted_Dolphin,test
Pantropical_Spotted_Dolphin/9400807S.wav,Pantropical_Spotted_Dolphin,test
Pantropical_Spotted_Dolphin/9002800A.wav,Pantropical_Spotted_Dolphin,test
Pantropical_Spotted_Dolphin/94006003.wav,Pantropical_Spotted_Dolphin,test
Pantropical_Spotted_Dolphin/94006005.wav,Pantropical_Spotted_Dolphin,test
Pantropical_Spotted_Dolphin/84021003.wav,Pantropical_Spotted_Dolphin,test
Pantropical_Spotted_Dolphin/9400801R.wav,Pantropical_Spotted_Dolphin,test
Pantropical_Spotted_Dolphin/9004401Z.wav,Pantropical_Spotted_Dolphin,test
Pantropical_Spotted_Dolphin/94008008.wav,Pantropical_Spotted_Dolphin,test
Pantropical_Spotted_Dolphin/9400800U.wav,Pantropical_Spotted_Dolphin,test
Pantropical_Spotted_Dolphin/9400805S.wav,Pantropical_Spotted_Dolphin,test
Pantropical_Spotted_Dolphin/64005017.wav,Pantropical_Spotted_Dolphin,test
Pantropical_Spotted_Dolphin/9400802D.wav,Pantropical_Spotted_Dolphin,test
Short-Finned_Pacific_Pilot_Whale/57021005.wav,Short-Finned_Pacific_Pilot_Whale,test
Short-Finned_Pacific_Pilot_Whale/9100500R.wav,Short-Finned_Pacific_Pilot_Whale,test
Short-Finned_Pacific_Pilot_Whale/9100501D.wav,Short-Finned_Pacific_Pilot_Whale,test
Short-Finned_Pacific_Pilot_Whale/8103700U.wav,Short-Finned_Pacific_Pilot_Whale,test
Short-Finned_Pacific_Pilot_Whale/5702100D.wav,Short-Finned_Pacific_Pilot_Whale,test
Short-Finned_Pacific_Pilot_Whale/5702100G.wav,Short-Finned_Pacific_Pilot_Whale,test
Short-Finned_Pacific_Pilot_Whale/81037007.wav,Short-Finned_Pacific_Pilot_Whale,test
Short-Finned_Pacific_Pilot_Whale/8103700V.wav,Short-Finned_Pacific_Pilot_Whale,test
Short-Finned_Pacific_Pilot_Whale/91005012.wav,Short-Finned_Pacific_Pilot_Whale,test
Short-Finned_Pacific_Pilot_Whale/5702100L.wav,Short-Finned_Pacific_Pilot_Whale,test
Short-Finned_Pacific_Pilot_Whale/9100501W.wav,Short-Finned_Pacific_Pilot_Whale,test
Short-Finned_Pacific_Pilot_Whale/57021002.wav,Short-Finned_Pacific_Pilot_Whale,test
Short-Finned_Pacific_Pilot_Whale/5702100N.wav,Short-Finned_Pacific_Pilot_Whale,test
Short-Finned_Pacific_Pilot_Whale/9100500S.wav,Short-Finned_Pacific_Pilot_Whale,test
Bowhead_Whale/8800600N.wav,Bowhead_Whale,test
Bowhead_Whale/88006007.wav,Bowhead_Whale,test
Bowhead_Whale/8800600L.wav,Bowhead_Whale,test
Bowhead_Whale/8800600U.wav,Bowhead_Whale,test
Bowhead_Whale/8800600C.wav,Bowhead_Whale,test
Bowhead_Whale/8800602Z.wav,Bowhead_Whale,test
Bowhead_Whale/8800602U.wav,Bowhead_Whale,test
Bowhead_Whale/8800600T.wav,Bowhead_Whale,test
Bowhead_Whale/7202100T.wav,Bowhead_Whale,test
Bowhead_Whale/88006016.wav,Bowhead_Whale,test
Bowhead_Whale/8800600Q.wav,Bowhead_Whale,test
Bowhead_Whale/8800601L.wav,Bowhead_Whale,test
False_Killer_Whale/6102301I.wav,False_Killer_Whale,test
False_Killer_Whale/6102300W.wav,False_Killer_Whale,test
False_Killer_Whale/61023010.wav,False_Killer_Whale,test
False_Killer_Whale/6102300S.wav,False_Killer_Whale,test
False_Killer_Whale/95003007.wav,False_Killer_Whale,test
False_Killer_Whale/9500300A.wav,False_Killer_Whale,test
False_Killer_Whale/61021011.wav,False_Killer_Whale,test
False_Killer_Whale/6102301D.wav,False_Killer_Whale,test
False_Killer_Whale/61023006.wav,False_Killer_Whale,test
False_Killer_Whale/6102100T.wav,False_Killer_Whale,test
False_Killer_Whale/6102101N.wav,False_Killer_Whale,test
False_Killer_Whale/6102301A.wav,False_Killer_Whale,test
Melon_Headed_Whale/91012009.wav,Melon_Headed_Whale,test
Melon_Headed_Whale/91012046.wav,Melon_Headed_Whale,test
Melon_Headed_Whale/91012039.wav,Melon_Headed_Whale,test
Melon_Headed_Whale/9101200U.wav,Melon_Headed_Whale,test
Melon_Headed_Whale/9101203N.wav,Melon_Headed_Whale,test
Melon_Headed_Whale/9101202T.wav,Melon_Headed_Whale,test
Melon_Headed_Whale/9101204Q.wav,Melon_Headed_Whale,test
Melon_Headed_Whale/91012041.wav,Melon_Headed_Whale,test
Melon_Headed_Whale/9101204P.wav,Melon_Headed_Whale,test
Melon_Headed_Whale/91012022.wav,Melon_Headed_Whale,test
Melon_Headed_Whale/9101203U.wav,Melon_Headed_Whale,test
Melon_Headed_Whale/91012047.wav,Melon_Headed_Whale,test
Long-Finned_Pilot_Whale/7500502T.wav,Long-Finned_Pilot_Whale,test
Long-Finned_Pilot_Whale/75004033.wav,Long-Finned_Pilot_Whale,test
Long-Finned_Pilot_Whale/7702801M.wav,Long-Finned_Pilot_Whale,test
Long-Finned_Pilot_Whale/7500502R.wav,Long-Finned_Pilot_Whale,test
Long-Finned_Pilot_Whale/7703400B.wav,Long-Finned_Pilot_Whale,test
Long-Finned_Pilot_Whale/7500402I.wav,Long-Finned_Pilot_Whale,test
Long-Finned_Pilot_Whale/7500402E.wav,Long-Finned_Pilot_Whale,test
Long-Finned_Pilot_Whale/7500502W.wav,Long-Finned_Pilot_Whale,test
Long-Finned_Pilot_Whale/77034008.wav,Long-Finned_Pilot_Whale,test
Long-Finned_Pilot_Whale/54024006.wav,Long-Finned_Pilot_Whale,test
Long-Finned_Pilot_Whale/75005032.wav,Long-Finned_Pilot_Whale,test
Long-Finned_Pilot_Whale/7500403A.wav,Long-Finned_Pilot_Whale,test
Long-Finned_Pilot_Whale/77034002.wav,Long-Finned_Pilot_Whale,test
Long-Finned_Pilot_Whale/7703400V.wav,Long-Finned_Pilot_Whale,test
Striped_Dolphin/8500701J.wav,Striped_Dolphin,test
Striped_Dolphin/58011004.wav,Striped_Dolphin,test
Striped_Dolphin/75003060.wav,Striped_Dolphin,test
Striped_Dolphin/75003019.wav,Striped_Dolphin,test
Striped_Dolphin/5801101N.wav,Striped_Dolphin,test
Striped_Dolphin/58011007.wav,Striped_Dolphin,test
Striped_Dolphin/58011008.wav,Striped_Dolphin,test
Striped_Dolphin/5801101O.wav,Striped_Dolphin,test
Striped_Dolphin/58011012.wav,Striped_Dolphin,test
Striped_Dolphin/72007038.wav,Striped_Dolphin,test
Striped_Dolphin/8500701E.wav,Striped_Dolphin,test
Striped_Dolphin/7500301O.wav,Striped_Dolphin,test
Striped_Dolphin/8500701K.wav,Striped_Dolphin,test
Striped_Dolphin/72007036.wav,Striped_Dolphin,test
Striped_Dolphin/75003024.wav,Striped_Dolphin,test
Striped_Dolphin/7200703C.wav,Striped_Dolphin,test
Leopard_Seal/6608400Q.wav,Leopard_Seal,test
Leopard_Seal/66084010.wav,Leopard_Seal,test
Walrus/7200200G.wav,Walrus,test
Walrus/72014001.wav,Walrus,test
Walrus/72014009.wav,Walrus,test
Walrus/72002008.wav,Walrus,test
Walrus/72014007.wav,Walrus,test
Walrus/72002003.wav,Walrus,test
Walrus/72002009.wav,Walrus,test
Sperm_Whale/84014009.wav,Sperm_Whale,test
Sperm_Whale/7702800X.wav,Sperm_Whale,test
Sperm_Whale/9357000B.wav,Sperm_Whale,test
Sperm_Whale/94004005.wav,Sperm_Whale,test
Sperm_Whale/93570017.wav,Sperm_Whale,test
Sperm_Whale/91012049.wav,Sperm_Whale,test
Sperm_Whale/9101201E.wav,Sperm_Whale,test
Sperm_Whale/85005006.wav,Sperm_Whale,test
Sperm_Whale/87017001.wav,Sperm_Whale,test
Sperm_Whale/84014001.wav,Sperm_Whale,test
Sperm_Whale/9357000R.wav,Sperm_Whale,test
Sperm_Whale/91012022.wav,Sperm_Whale,test
Sperm_Whale/62031001.wav,Sperm_Whale,test
Sperm_Whale/7702801F.wav,Sperm_Whale,test
Sperm_Whale/9500100Q.wav,Sperm_Whale,test
Common_Dolphin/7500304F.wav,Common_Dolphin,test
Common_Dolphin/7500304P.wav,Common_Dolphin,test
Common_Dolphin/7500302U.wav,Common_Dolphin,test
Common_Dolphin/7500303R.wav,Common_Dolphin,test
Common_Dolphin/7500304L.wav,Common_Dolphin,test
Common_Dolphin/5801403O.wav,Common_Dolphin,test
Common_Dolphin/7500305H.wav,Common_Dolphin,test
Common_Dolphin/5801404S.wav,Common_Dolphin,test
Common_Dolphin/5801404U.wav,Common_Dolphin,test
Common_Dolphin/5801403R.wav,Common_Dolphin,test
Common_Dolphin/75003047.wav,Common_Dolphin,test
