model_label,model_id,family,dataset_name,dataset_config,metric,validation_score,best_c,test_mean,test_std,seed_std,bootstrap_std,num_seeds,num_bootstrap,normalize_data,embedding_batch_size,mixed_precision,amp_dtype,feature_mode,embedding_pipeline_version,target_sample_rate
AVES-Bio OpenWhistle 10%,dolphinteam/AVES-bio-OpenWhistle-10pct,AVES-Bio,classification,balanced,Macro-F1,0.67951526,0.1,0.70399211,0.02137051,0.00000000,0.02137051,10,1000,True,64,True,float16,standard,masked-padding-btb3-v5,44100
AVES-Bio OpenWhistle 10%,dolphinteam/AVES-bio-OpenWhistle-10pct,AVES-Bio,classification,unbalanced,Macro-F1,0.47094910,1.0,0.50030498,0.02660962,0.00000000,0.02660962,10,1000,True,64,True,float16,standard,masked-padding-btb3-v5,44100
AVES-Bio OpenWhistle 10%,dolphinteam/AVES-bio-OpenWhistle-10pct,AVES-Bio,classification,all,Macro-F1,0.47835024,0.1,0.47991829,0.02324257,0.00000000,0.02324257,10,1000,True,64,True,float16,standard,masked-padding-btb3-v5,44100
AVES-Bio OpenWhistle 10%,dolphinteam/AVES-bio-OpenWhistle-10pct,AVES-Bio,detection,default,mAP,0.61539447,0.1,0.65428799,0.02213968,0.00000000,0.02213968,10,1000,True,64,True,float16,standard,masked-padding-btb3-v5,44100
AVES-Bio OpenWhistle 50%,dolphinteam/AVES-bio-OpenWhistle-50pct,AVES-Bio,classification,balanced,Macro-F1,0.68354009,0.1,0.67123552,0.02161006,0.00000000,0.02161006,10,1000,True,64,True,float16,standard,masked-padding-btb3-v5,44100
AVES-Bio OpenWhistle 50%,dolphinteam/AVES-bio-OpenWhistle-50pct,AVES-Bio,classification,unbalanced,Macro-F1,0.47453145,0.1,0.50731709,0.02527588,0.00000000,0.02527588,10,1000,True,64,True,float16,standard,masked-padding-btb3-v5,44100
AVES-Bio OpenWhistle 50%,dolphinteam/AVES-bio-OpenWhistle-50pct,AVES-Bio,classification,all,Macro-F1,0.48917333,0.1,0.50270308,0.02576563,0.00000000,0.02576563,10,1000,True,64,True,float16,standard,masked-padding-btb3-v5,44100
AVES-Bio OpenWhistle 50%,dolphinteam/AVES-bio-OpenWhistle-50pct,AVES-Bio,detection,default,mAP,0.62741655,0.1,0.64137793,0.02217181,0.00000000,0.02217181,10,1000,True,64,True,float16,standard,masked-padding-btb3-v5,44100
AVES-Bio OpenWhistle 100%,dolphinteam/AVES-bio-OpenWhistle-100pct,AVES-Bio,classification,balanced,Macro-F1,0.72330324,0.1,0.70137863,0.02127997,0.00000000,0.02127997,10,1000,True,64,True,float16,standard,masked-padding-btb3-v5,44100
AVES-Bio OpenWhistle 100%,dolphinteam/AVES-bio-OpenWhistle-100pct,AVES-Bio,classification,unbalanced,Macro-F1,0.49389101,0.1,0.53010685,0.02626418,0.00000000,0.02626418,10,1000,True,64,True,float16,standard,masked-padding-btb3-v5,44100
AVES-Bio OpenWhistle 100%,dolphinteam/AVES-bio-OpenWhistle-100pct,AVES-Bio,classification,all,Macro-F1,0.51372584,0.1,0.51539607,0.02541944,0.00000000,0.02541944,10,1000,True,64,True,float16,standard,masked-padding-btb3-v5,44100
AVES-Bio OpenWhistle 100%,dolphinteam/AVES-bio-OpenWhistle-100pct,AVES-Bio,detection,default,mAP,0.61904001,0.1,0.68488449,0.02081626,0.00000000,0.02081626,10,1000,True,64,True,float16,standard,masked-padding-btb3-v5,44100
AVES-Bio OpenWhistle BTB3 10%,dolphinteam/AVES-bio-OpenWhistle-10pct-44kHz,AVES-Bio,classification,balanced,Macro-F1,0.76902641,0.1,0.78084674,0.01944244,0.00000000,0.01944244,10,1000,True,64,True,float16,btb3_concat,masked-padding-btb3-v5,16000
AVES-Bio OpenWhistle BTB3 10%,dolphinteam/AVES-bio-OpenWhistle-10pct-44kHz,AVES-Bio,classification,unbalanced,Macro-F1,0.56164707,1.0,0.56052293,0.02479900,0.00000000,0.02479900,10,1000,True,64,True,float16,btb3_concat,masked-padding-btb3-v5,16000
AVES-Bio OpenWhistle BTB3 10%,dolphinteam/AVES-bio-OpenWhistle-10pct-44kHz,AVES-Bio,classification,all,Macro-F1,0.51465436,0.1,0.57860906,0.02790105,0.00000000,0.02790105,10,1000,True,64,True,float16,btb3_concat,masked-padding-btb3-v5,16000
AVES-Bio OpenWhistle BTB3 10%,dolphinteam/AVES-bio-OpenWhistle-10pct-44kHz,AVES-Bio,detection,default,mAP,0.67719311,0.1,0.69909292,0.02059716,0.00000000,0.02059716,10,1000,True,64,True,float16,btb3_concat,masked-padding-btb3-v5,16000
AVES-Bio OpenWhistle BTB3 50%,dolphinteam/AVES-bio-OpenWhistle-50pct-44kHz,AVES-Bio,classification,balanced,Macro-F1,0.78839328,1.0,0.78109884,0.01922349,0.00000000,0.01922349,10,1000,True,64,True,float16,btb3_concat,masked-padding-btb3-v5,16000
AVES-Bio OpenWhistle BTB3 50%,dolphinteam/AVES-bio-OpenWhistle-50pct-44kHz,AVES-Bio,classification,unbalanced,Macro-F1,0.57015372,0.1,0.56975055,0.02520240,0.00000000,0.02520240,10,1000,True,64,True,float16,btb3_concat,masked-padding-btb3-v5,16000
AVES-Bio OpenWhistle BTB3 50%,dolphinteam/AVES-bio-OpenWhistle-50pct-44kHz,AVES-Bio,classification,all,Macro-F1,0.57053155,0.1,0.58147792,0.02595455,0.00000000,0.02595455,10,1000,True,64,True,float16,btb3_concat,masked-padding-btb3-v5,16000
AVES-Bio OpenWhistle BTB3 50%,dolphinteam/AVES-bio-OpenWhistle-50pct-44kHz,AVES-Bio,detection,default,mAP,0.66939944,0.1,0.71192282,0.01976798,0.00000000,0.01976798,10,1000,True,64,True,float16,btb3_concat,masked-padding-btb3-v5,16000
AVES-Bio OpenWhistle BTB3 100%,dolphinteam/AVES-bio-OpenWhistle-100pct-44kHz,AVES-Bio,classification,balanced,Macro-F1,0.80593259,0.1,0.80601955,0.01836036,0.00000000,0.01836036,10,1000,True,64,True,float16,btb3_concat,masked-padding-btb3-v5,16000
AVES-Bio OpenWhistle BTB3 100%,dolphinteam/AVES-bio-OpenWhistle-100pct-44kHz,AVES-Bio,classification,unbalanced,Macro-F1,0.56154385,0.1,0.58912342,0.02857190,0.00000000,0.02857190,10,1000,True,64,True,float16,btb3_concat,masked-padding-btb3-v5,16000
AVES-Bio OpenWhistle BTB3 100%,dolphinteam/AVES-bio-OpenWhistle-100pct-44kHz,AVES-Bio,classification,all,Macro-F1,0.55323504,0.1,0.63530264,0.02928296,0.00000000,0.02928296,10,1000,True,64,True,float16,btb3_concat,masked-padding-btb3-v5,16000
AVES-Bio OpenWhistle BTB3 100%,dolphinteam/AVES-bio-OpenWhistle-100pct-44kHz,AVES-Bio,detection,default,mAP,0.71676308,0.1,0.73931444,0.02131581,0.00000000,0.02131581,10,1000,True,64,True,float16,btb3_concat,masked-padding-btb3-v5,16000
Wav2Vec2.0 stride 960 10%,dolphinteam/wav2vec2-44k-stride960-10pct-40k,Wav2Vec2.0,classification,balanced,Macro-F1,0.40976734,0.1,0.34782430,0.02180987,0.00000000,0.02180987,10,1000,True,64,True,float16,standard,masked-padding-btb3-v5,44100
Wav2Vec2.0 stride 960 10%,dolphinteam/wav2vec2-44k-stride960-10pct-40k,Wav2Vec2.0,classification,unbalanced,Macro-F1,0.22691693,0.1,0.22106109,0.01373350,0.00000000,0.01373350,10,1000,True,64,True,float16,standard,masked-padding-btb3-v5,44100
Wav2Vec2.0 stride 960 10%,dolphinteam/wav2vec2-44k-stride960-10pct-40k,Wav2Vec2.0,classification,all,Macro-F1,0.20463590,0.1,0.22648717,0.01073037,0.00000000,0.01073037,10,1000,True,64,True,float16,standard,masked-padding-btb3-v5,44100
Wav2Vec2.0 stride 960 10%,dolphinteam/wav2vec2-44k-stride960-10pct-40k,Wav2Vec2.0,detection,default,mAP,0.20931628,0.1,0.20755224,0.01339601,0.00000000,0.01339601,10,1000,True,64,True,float16,standard,masked-padding-btb3-v5,44100
Wav2Vec2.0 stride 960 50 %,dolphinteam/wav2vec2-44k-stride960-50pct-200k,Wav2Vec2.0,classification,balanced,Macro-F1,0.74077975,0.1,0.77658406,0.01976553,0.00000000,0.01976553,10,1000,True,64,True,float16,standard,masked-padding-btb3-v5,44100
Wav2Vec2.0 stride 960 50 %,dolphinteam/wav2vec2-44k-stride960-50pct-200k,Wav2Vec2.0,classification,unbalanced,Macro-F1,0.50795756,0.1,0.59343000,0.02994920,0.00000000,0.02994920,10,1000,True,64,True,float16,standard,masked-padding-btb3-v5,44100
Wav2Vec2.0 stride 960 50 %,dolphinteam/wav2vec2-44k-stride960-50pct-200k,Wav2Vec2.0,classification,all,Macro-F1,0.53885066,0.1,0.56529920,0.02607315,0.00000000,0.02607315,10,1000,True,64,True,float16,standard,masked-padding-btb3-v5,44100
Wav2Vec2.0 stride 960 50 %,dolphinteam/wav2vec2-44k-stride960-50pct-200k,Wav2Vec2.0,detection,default,mAP,0.66881257,0.1,0.77027225,0.02092586,0.00000000,0.02092586,10,1000,True,64,True,float16,standard,masked-padding-btb3-v5,44100
Wav2Vec2.0 stride 960 100%,dolphinteam/wav2vec2-44k-stride960-transformers,Wav2Vec2.0,classification,balanced,Macro-F1,0.82168347,0.1,0.80829033,0.01866751,0.00000000,0.01866751,10,1000,True,64,True,float16,standard,masked-padding-btb3-v5,44100
Wav2Vec2.0 stride 960 100%,dolphinteam/wav2vec2-44k-stride960-transformers,Wav2Vec2.0,classification,unbalanced,Macro-F1,0.57080686,0.1,0.61215913,0.03039448,0.00000000,0.03039448,10,1000,True,64,True,float16,standard,masked-padding-btb3-v5,44100
Wav2Vec2.0 stride 960 100%,dolphinteam/wav2vec2-44k-stride960-transformers,Wav2Vec2.0,classification,all,Macro-F1,0.57741848,0.1,0.60570904,0.02980320,0.00000000,0.02980320,10,1000,True,64,True,float16,standard,masked-padding-btb3-v5,44100
Wav2Vec2.0 stride 960 100%,dolphinteam/wav2vec2-44k-stride960-transformers,Wav2Vec2.0,detection,default,mAP,0.73620969,0.1,0.80797577,0.01914795,0.00000000,0.01914795,10,1000,True,64,True,float16,standard,masked-padding-btb3-v5,44100
Dolph2Vec,dolphinteam/OpenWhistle-Wav2Vec2.0,Wav2Vec2.0,classification,balanced,Macro-F1,0.80578969,0.1,0.81674148,0.01801375,0.00000000,0.01801375,10,1000,True,64,True,float16,standard,masked-padding-btb3-v5,44100
Dolph2Vec,dolphinteam/OpenWhistle-Wav2Vec2.0,Wav2Vec2.0,classification,unbalanced,Macro-F1,0.54789268,1.0,0.59914529,0.02569758,0.00000000,0.02569758,10,1000,True,64,True,float16,standard,masked-padding-btb3-v5,44100
Dolph2Vec,dolphinteam/OpenWhistle-Wav2Vec2.0,Wav2Vec2.0,classification,all,Macro-F1,0.54958039,0.1,0.64369176,0.02671183,0.00000000,0.02671183,10,1000,True,64,True,float16,standard,masked-padding-btb3-v5,44100
Dolph2Vec,dolphinteam/OpenWhistle-Wav2Vec2.0,Wav2Vec2.0,detection,default,mAP,0.73817551,0.1,0.75758308,0.02016536,0.00000000,0.02016536,10,1000,True,64,True,float16,standard,masked-padding-btb3-v5,44100
AVES OpenWhistle Stage 1 - 960 - 100%,dolphinteam/AVES-OpenWhistle-Stage-1-960-100pct,AVES-Bio,classification,balanced,Macro-F1,0.77518023,0.1,0.74681178,0.01987291,0.00000000,0.01987291,10,1000,True,64,True,float16,standard,masked-padding-btb3-v5,44100
AVES OpenWhistle Stage 1 - 960 - 100%,dolphinteam/AVES-OpenWhistle-Stage-1-960-100pct,AVES-Bio,classification,all,Macro-F1,0.53679622,0.1,0.54425881,0.02978333,0.00000000,0.02978333,10,1000,True,64,True,float16,standard,masked-padding-btb3-v5,44100
AVES OpenWhistle Stage 1 - 960 - 100%,dolphinteam/AVES-OpenWhistle-Stage-1-960-100pct,AVES-Bio,detection,default,mAP,0.62538463,0.1,0.66506344,0.02268574,0.00000000,0.02268574,10,1000,True,64,True,float16,standard,masked-padding-btb3-v5,44100
AVES OpenWhistle Stage 2 - 320 - 100%,dolphinteam/AVES-OpenWhistle-Stage-2-320-100pct,AVES-Bio,classification,balanced,Macro-F1,0.81990406,0.1,0.79889612,0.01895193,0.00000000,0.01895193,10,1000,True,64,True,float16,standard,masked-padding-btb3-v5,44100
AVES OpenWhistle Stage 2 - 320 - 100%,dolphinteam/AVES-OpenWhistle-Stage-2-320-100pct,AVES-Bio,detection,default,mAP,0.72876728,0.1,0.76180553,0.02092888,0.00000000,0.02092888,10,1000,True,64,True,float16,standard,masked-padding-btb3-v5,44100
AVES OpenWhistle Stage 2 - 320 - 100%,dolphinteam/AVES-OpenWhistle-Stage-2-320-100pct,AVES-Bio,classification,all,Macro-F1,0.55358902,0.1,0.61261267,0.03861040,0.00000000,0.03861040,10,1000,True,64,True,float16,standard,masked-padding-btb3-v5,44100
