session_fraction,seed,train_sessions,train_rows,train_window_hours,best_epoch,test_accuracy,test_f1,test_precision,test_recall
0.05,7,10,3502,0.3891111111111112,2,0.9734259037586784,0.9735241502683363,0.9699382129277566,0.9771367009815657
0.05,17,10,1726,0.1917777777777778,2,0.9637299497246827,0.9641250295998106,0.9537362379948465,0.9747426382571224
0.05,27,10,1242,0.138,4,0.9672013406751256,0.967608464357489,0.9557449789817842,0.9797701699784535
0.1,7,20,5386,0.5984444444444444,1,0.9712113957385684,0.971519924211025,0.9612185120093731,0.9820445295666747
0.1,17,20,4002,0.4446666666666667,1,0.9700143643763467,0.9700555854402009,0.9687238868329952,0.9713909504429016
0.1,27,20,5376,0.5973333333333334,1,0.9736054584630117,0.9735627360469996,0.9751411072415035,0.9719894661240125
0.25,7,49,10742,1.1935555555555557,2,0.9720493176921235,0.9723324841519048,0.9625806451612903,0.982283935839119
0.25,17,49,11046,1.2273333333333334,3,0.9751615992338999,0.9752843785361205,0.9704871399786654,0.9801292793871199
0.25,27,49,23522,2.613555555555556,1,0.9765381853004549,0.9765269461077845,0.9769949676491733,0.9760593727555662
0.5,7,98,23660,2.628888888888889,2,0.9721091692602346,0.9723047664329014,0.965533522190746,0.9791716542973425
0.5,17,98,31378,3.4864444444444445,3,0.9752813023701221,0.9753182334309448,0.9738632295023273,0.9767775915728992
0.5,27,98,33638,3.7375555555555557,2,0.9761790758917883,0.9762728031477286,0.9724465558194775,0.9801292793871199
1.0,7,195,53828,5.980888888888889,2,0.9757601149150108,0.9758511716653747,0.972199120826898,0.9795307637060091
1.0,17,195,53828,5.980888888888889,6,0.9727675365094566,0.972921502112718,0.9674517694401704,0.9784534354800096
1.0,27,195,53828,5.980888888888889,2,0.9740244194397893,0.9739808153477219,0.9756185443190007,0.972348575532679
